id_a,id_b,label,jaccard_3,jaccard_5
N010018,N010020,same,0.2503259452411995,0.22327790973871733
N007876,N008565,different,0.22013888888888888,0.14226437462951985
N005451,N005452,same,0.345679012345679,0.30393700787401573
N008464,N010231,different,0.1281645569620253,0.08016877637130802
N000420,N001104,different,0.29790209790209793,0.21575757575757576
N004781,N005219,different,0.27246376811594203,0.1953125
N007021,N010547,different,0.37513397642015006,0.3037249283667622
N004413,N008734,different,0.1429794520547945,0.090283091048202
N007783,N007784,same,0.3178036605657238,0.27596439169139464
N001104,N001107,same,0.3204951856946355,0.29987293519695046
N006958,N006959,same,0.4742268041237113,0.4657676348547718
N003107,N007431,different,0.42467248908296945,0.3397497593840231
N010497,N011446,different,0.48884381338742394,0.4118705035971223
N002561,N003545,different,0.12742382271468145,0.08501683501683502
N004217,N007965,different,0.47132429614181437,0.3909426987060998
N006099,N006100,same,0.6147091108671789,0.608955223880597
N009010,N009562,different,0.15576592082616178,0.10054137664346481
N005332,N005333,same,0.9088729016786571,0.8864142538975501
N008288,N010448,different,0.46160794941282746,0.342769701606733
N002391,N009409,different,0.1608910891089109,0.10464259395725865
N001001,N007428,different,0.20845624385447395,0.14570685169124023
N002919,N002920,same,0.9871060171919771,0.9832689832689833
N007223,N008301,different,0.31927023945267957,0.22674418604651161
N005352,N007867,different,0.16221374045801526,0.10385259631490787
N007893,N007894,same,0.9434697855750487,0.931095406360424
N002670,N007972,different,0.4733201581027668,0.3520536462699078
N006038,N008642,different,0.1918649270913277,0.12264150943396226
N004523,N007453,different,0.3140161725067385,0.22637106184364061
N006491,N010563,different,0.4952651515151515,0.3981937602627258
N002902,N010086,different,0.28311425682507585,0.19658119658119658
N001013,N003939,different,0.3287037037037037,0.22428991185112634
N002612,N004456,different,0.16779089376053963,0.11706948640483383
N003308,N005945,different,0.14465408805031446,0.09263392857142858
N002811,N007128,different,0.3087431693989071,0.21108490566037735
N007478,N011108,different,0.18892508143322476,0.13304410701373826
N001760,N001761,same,0.9699570815450643,0.9564356435643564
N004944,N009237,different,0.1832191780821918,0.12702078521939955
N008261,N008262,same,0.6228070175438597,0.6127110228401191
N003630,N009918,different,0.24751243781094528,0.164021164021164
N003948,N008608,different,0.1531986531986532,0.09424083769633508
N008997,N008998,same,0.5682967959527825,0.5355450236966824
N004789,N005917,different,0.3538633818589026,0.2227314390467461
N003672,N008071,different,0.5220228384991843,0.4482758620689655
N009235,N009236,same,0.471563981042654,0.43392070484581496
N001817,N002597,different,0.44610778443113774,0.38290293855743546
N000985,N000986,same,0.2441430332922318,0.21484814398200225
N000993,N010660,different,0.2905982905982906,0.19585492227979276
N003269,N010318,different,0.34763948497854075,0.24196428571428572
N011750,N011966,different,0.33605600933488916,0.21884200196270853
N010357,N010360,same,0.9933184855233853,0.9775967413441955
N001163,N001165,same,0.9746031746031746,0.963963963963964
N011255,N011732,different,0.37745740498034075,0.25301204819277107
N007191,N011803,different,0.14464882943143811,0.09849624060150376
N003422,N008330,different,0.1634695579649708,0.10510732790525537
N004762,N011915,different,0.4534653465346535,0.37445699391833187
N006325,N006326,same,0.8916256157635468,0.8560830860534124
N003658,N003661,same,0.9700854700854701,0.9563492063492064
N010135,N010136,same,0.985663082437276,0.9802306425041186
N003079,N011928,different,0.4579339723109691,0.39072847682119205
N000268,N009659,different,0.5579896907216495,0.4808362369337979
N001173,N001174,same,0.6406926406926406,0.6185983827493261
N004065,N007546,different,0.4095127610208817,0.33714880332986474
N000702,N007932,different,0.13708399366085577,0.08437935843793584
N009387,N009517,different,0.3103448275862069,0.2125
N000358,N007166,different,0.2902843601895735,0.20224719101123595
N007841,N011872,different,0.14443084455324356,0.09887640449438202
N000576,N000577,same,0.21485714285714286,0.19479166666666667
N003372,N008041,different,0.30728051391862954,0.19982238010657194
N006470,N009323,different,0.4605647517039922,0.3857998289136014
N001685,N001686,same,0.6521739130434783,0.6404833836858006
N002358,N005690,different,0.3274647887323944,0.2187192118226601
N002216,N002218,same,0.9099804305283757,0.8641975308641975
N003837,N007101,different,0.41102514506769827,0.31993299832495814
N008995,N010419,different,0.30760095011876487,0.2130479102956167
N001394,N003813,different,0.17647058823529413,0.12021857923497267
N003816,N009648,different,0.48423423423423423,0.4149797570850202
N000883,N003126,different,0.13793103448275862,0.09569798068481124
N010748,N011807,different,0.27485380116959063,0.1994750656167979
N006050,N007874,different,0.19909502262443438,0.13000656598818122
N011687,N011688,same,0.9881656804733728,0.981549815498155
N000036,N011140,different,0.23545900490539592,0.1573907839616996
N000051,N000052,same,0.9657534246575342,0.948051948051948
N001105,N007889,different,0.11559633027522936,0.07413647851727043
N004491,N004492,same,0.5521091811414393,0.5326460481099656
N004978,N009682,different,0.2152317880794702,0.1393998063891578
N008379,N008380,same,0.9361313868613139,0.9316666666666666
N001189,N011628,different,0.1778697001034126,0.11423390752493201
N000183,N001889,different,0.5572916666666666,0.49176470588235294
N006225,N006227,same,0.24777636594663277,0.22401847575057737
N002447,N007313,different,0.248868778280543,0.18085106382978725
N005321,N005322,same,0.9366666666666666,0.9280469897209985
N004563,N004564,same,0.4084084084084084,0.39532710280373834
N001497,N001498,same,0.4954682779456193,0.48555452003727867
N002729,N008105,different,0.32830626450116007,0.2131303520456708
N000314,N008220,different,0.2399708242159008,0.1585518102372035
N001902,N009227,different,0.4792243767313019,0.39800995024875624
N001376,N009439,different,0.42697768762677485,0.3347978910369069
N003019,N009498,different,0.20656226696495153,0.13851132686084142
N003883,N004988,different,0.18606492478226444,0.12106368089573127
N004822,N007764,different,0.26247848537005164,0.1676300578034682
N000255,N007615,different,0.36904761904761907,0.2907986111111111
N005676,N011302,different,0.2807262569832402,0.20606060606060606
N003403,N007889,different,0.15357458075904679,0.09466984884645982
N002476,N005891,different,0.1651893634165995,0.10975609756097561
N004988,N009224,different,0.2094081942336874,0.1382059800664452
N001677,N011151,different,0.2021604938271605,0.13058186738836267
N006731,N006732,same,0.9153225806451613,0.8990654205607477
N002200,N009548,different,0.18086696562032886,0.11722331368696791
N001873,N001874,same,0.9399293286219081,0.9325842696629213
N006820,N010293,different,0.32160804020100503,0.22282023681377824
N004096,N007060,different,0.3960964408725603,0.27988614800759015
N003135,N003543,different,0.3643031784841076,0.24570273003033366
N006564,N007387,different,0.27167630057803466,0.19121447028423771
N004906,N008027,different,0.36046511627906974,0.24807692307692308
N000145,N007083,different,0.16878980891719744,0.10909090909090909
N008087,N008088,same,0.34959349593495936,0.3354908306364617
N007153,N007701,different,0.4278892072588348,0.3650927487352445
N010825,N010826,same,0.6561643835616439,0.644918444165621
N006905,N006906,same,0.987719298245614,0.9822866344605475
N001863,N002786,different,0.19295558958652373,0.12583668005354753
N001735,N005403,different,0.3986784140969163,0.3199214916584887
N009982,N009985,same,0.23024054982817868,0.2090837901331245
N008801,N011616,different,0.28950542822677927,0.2028688524590164
N003201,N011795,different,0.4450041981528128,0.35932944606413997
N009040,N010335,different,0.15097690941385436,0.09785202863961814
N000276,N000278,same,0.31369426751592355,0.27864214992927866
N001338,N001340,same,0.9791304347826087,0.9664536741214057
N011118,N011119,same,0.9057187017001546,0.8803301237964236
N000768,N000770,same,0.6823161189358372,0.6614509246088194
N001515,N006807,different,0.3009049773755656,0.19735599622285174
N009100,N009150,different,0.27386363636363636,0.19038461538461537
N000437,N010413,different,0.16837136113296616,0.1146051712089448
N008497,N008498,same,0.585247883917775,0.5684556407447974
N007145,N007146,same,0.5463483146067416,0.5333333333333333
N007053,N010560,different,0.3754826254826255,0.2975486052409129
N008280,N010910,different,0.29494712103407755,0.2009950248756219
N001364,N001365,same,0.9577702702702703,0.9332298136645962
N001075,N009237,different,0.46971569839307786,0.3926174496644295
N003268,N007976,different,0.5220713073005093,0.40863309352517985
N004168,N004169,same,0.6750524109014675,0.6666666666666666
N003317,N011369,different,0.26269315673289184,0.17476635514018693
N002748,N011595,different,0.4189636163175303,0.3349609375
N000873,N002331,different,0.1586998087954111,0.10371650821089023
N009379,N009380,same,0.9826388888888888,0.9779179810725552
N007382,N009541,different,0.19888475836431227,0.1262135922330097
N006828,N011568,different,0.1899335232668566,0.1245819397993311
N005210,N009890,different,0.25557011795543905,0.17995444191343962
N009046,N010077,different,0.3664383561643836,0.3049645390070922
N000659,N006306,different,0.16971713810316139,0.11432813659985153
N005472,N007849,different,0.18270008084074374,0.12616487455197134
N007681,N009555,different,0.4363312555654497,0.36071987480438183
N007201,N010116,different,0.2791946308724832,0.20209059233449478
N002665,N004599,different,0.18209876543209877,0.11670020120724346
N007557,N008376,different,0.48519579751671443,0.35996771589991927
N000189,N001381,different,0.2915173237753883,0.1941941941941942
N004220,N007941,different,0.4211618257261411,0.3201793721973094
N002036,N008928,different,0.116107931316435,0.07540263543191801
N003662,N010020,different,0.27647058823529413,0.19473684210526315
N004066,N006280,different,0.2615979381443299,0.19036954087346025
N005647,N010086,different,0.27552275522755226,0.1959531416400426
N002586,N006131,different,0.2852153667054715,0.20436507936507936
N004043,N004969,different,0.1273031825795645,0.0842654735272185
N010853,N010857,same,0.7614080834419817,0.7506142506142506
N000202,N007774,different,0.35956580732700133,0.24489795918367346
N002852,N002853,same,0.6068376068376068,0.5905511811023622
N008049,N010976,different,0.265625,0.18335343787696018
N010028,N010039,different,0.4082352941176471,0.3333333333333333
N004028,N010035,different,0.27794561933534745,0.19946091644204852
N001702,N010946,different,0.21728691476590636,0.13983050847457626
N008791,N008803,different,0.4524271844660194,0.3793103448275862
N000684,N004640,different,0.31620111731843575,0.22285174693106705
N011929,N011930,same,0.39414634146341465,0.3801801801801802
N003860,N004075,different,0.39005524861878454,0.3190854870775348
N003884,N007431,different,0.1563517915309446,0.10274963820549927
N002204,N007953,different,0.24399494310998734,0.16557017543859648
N005664,N005666,same,0.8612244897959184,0.7929759704251387
N003982,N006359,different,0.4106641721234799,0.3504132231404959
N002817,N002819,same,0.2796420581655481,0.2578288100208768
N002626,N002629,same,0.5539473684210526,0.5319662243667069
N000262,N002156,different,0.47733580018501387,0.3612852664576803
N000131,N003422,different,0.46352413019079686,0.40736949846468784
N000852,N010531,different,0.13725490196078433,0.09644194756554307
N003659,N005484,different,0.18159609120521172,0.12173913043478261
N001115,N009773,different,0.521594684385382,0.43190661478599224
N010941,N010942,same,0.9503105590062112,0.9493670886075949
N008101,N008840,different,0.2641509433962264,0.17832167832167833
N005983,N009546,different,0.49204771371769385,0.4146772767462423
N001180,N006053,different,0.39632277834525026,0.30844444444444447
N004248,N005277,different,0.23694779116465864,0.1471264367816092
N006025,N010086,different,0.28585858585858587,0.1913632514817951
N002970,N007570,different,0.4503582395087001,0.3889908256880734
N002439,N007343,different,0.41008018327605955,0.3269035532994924
N001488,N005914,different,0.30845771144278605,0.21405750798722045
N001624,N006762,different,0.16666666666666666,0.11528150134048257
N004870,N006313,different,0.34772182254196643,0.24545454545454545
N011017,N011020,same,0.5789473684210527,0.5581920903954802
N002389,N002391,same,0.59688995215311,0.575192096597146
N000672,N002056,different,0.16,0.10357142857142858
N003476,N004605,different,0.3263288009888752,0.22291666666666668
N008022,N010492,different,0.4577603143418468,0.36712095400340716
N009775,N009854,different,0.10904255319148937,0.07016129032258064
N001443,N010092,different,0.3872832369942196,0.29831932773109243
N008152,N008153,same,0.9712041884816754,0.9633251833740831
N004151,N009894,different,0.17189952904238617,0.10865051903114187
N009151,N011771,different,0.46362649294245384,0.4052993130520118
N004672,N008166,different,0.5619747899159664,0.4641544117647059
N005081,N007027,different,0.24949899799599198,0.18117854001759015
N002173,N008545,different,0.32,0.20683287165281625
N003781,N003783,same,0.9315068493150684,0.9282371294851794
N002084,N007552,different,0.2995529061102832,0.21279373368146215
N004001,N004002,same,0.4988962472406181,0.46846846846846846
N009163,N009439,different,0.26334519572953735,0.17166416791604197
N002426,N003338,different,0.17484177215189872,0.11958041958041958
N006423,N006425,same,0.9763779527559056,0.9662921348314607
N007876,N009829,different,0.5402081362346263,0.4310064935064935
N007687,N009311,different,0.4806910569105691,0.36731107205623903
N001746,N002955,different,0.1156015037593985,0.07962328767123288
N008284,N008285,same,0.6172839506172839,0.6030612244897959
N001309,N011869,different,0.1377245508982036,0.09463148316651501
N002589,N004081,different,0.16134751773049646,0.11451612903225807
N005300,N006349,different,0.45901639344262296,0.400196656833825
N009455,N009456,same,0.5859269282814614,0.5677339901477833
N004081,N010560,different,0.17893835616438356,0.12895752895752896
N004306,N004307,same,0.9808612440191388,0.9730941704035875
N000884,N011090,different,0.3869115958668197,0.31649484536082473
N000010,N003634,different,0.16758026624902114,0.10844200411805079
N002225,N011649,different,0.29055690072639223,0.19815195071868583
N001484,N003224,different,0.1354895104895105,0.09112519809825674
N008411,N008412,same,0.4004329004329004,0.36926147704590817
N006804,N010502,different,0.23696682464454977,0.15614886731391586
N009437,N010826,different,0.4158004158004158,0.3293795620437956
N000335,N007009,different,0.3415384615384615,0.25068870523415976
N002857,N005654,different,0.37485843714609285,0.3247422680412371
N000078,N007325,different,0.3069908814589666,0.22010869565217392
N000864,N005773,different,0.2608200455580866,0.18385214007782102
N007718,N008135,different,0.3855650522317189,0.30525437864887406
N006976,N010778,different,0.4306506849315068,0.351451973194341
N002774,N011414,different,0.29860228716645487,0.20585048754062837
N004762,N010111,different,0.481789802289282,0.40985130111524165
N003908,N003909,same,0.25442477876106195,0.2292929292929293
N000664,N000666,same,0.44266666666666665,0.40914709517923364
N004323,N009954,different,0.2724795640326976,0.18536009445100354
N010390,N011580,different,0.15852205005959474,0.10576923076923077
N004880,N004881,same,0.9381933438985737,0.9330484330484331
N000818,N006620,different,0.1988527724665392,0.13406408094435077
N001043,N002862,different,0.35398230088495575,0.22560429722470904
N000640,N011658,different,0.20559334845049132,0.1317008603573792
N008018,N008676,different,0.11898016997167139,0.08196721311475409
N002685,N002686,same,0.49796747967479676,0.4891611687087653
N000449,N010133,different,0.27296587926509186,0.19014891179839633
N004683,N007002,different,0.18013856812933027,0.12380952380952381
N010844,N011602,different,0.2996057818659658,0.20945945945945946
N002440,N002443,same,0.3585951940850277,0.31993299832495814
N001357,N003372,different,0.2824267782426778,0.18711385701676964
N010856,N010857,same,0.7033678756476683,0.6835138387484958
N005262,N005263,same,0.3280871670702179,0.3064159292035398
N000070,N004969,different,0.5181975736568457,0.40397350993377484
N003615,N009126,different,0.4601851851851852,0.3707865168539326
N003236,N006862,different,0.16355810616929697,0.1080574640849469
N001257,N005818,different,0.17866004962779156,0.11585807385952208
N001027,N005073,different,0.2656826568265683,0.19148936170212766
N002169,N011831,different,0.28869778869778867,0.2025183630640084
N002691,N005271,different,0.1797658862876254,0.1184407796101949
N005141,N007639,different,0.2675544794188862,0.18530020703933747
N000675,N005669,different,0.45255474452554745,0.341425215348473
N005337,N011060,different,0.1185617103984451,0.07733333333333334
N001699,N004758,different,0.17391304347826086,0.11626344086021505
N007012,N009759,different,0.17892824704813806,0.11544585987261147
N004855,N004856,same,0.6426229508196721,0.6316831683168317
N010491,N010492,same,0.6955193482688391,0.6770929162833487
N003270,N006319,different,0.14947197400487408,0.09255242227042661
N003144,N011859,different,0.41325536062378165,0.3488372093023256
N000889,N000890,same,0.630901287553648,0.6259765625
N001432,N001435,same,0.7031802120141343,0.6950959488272921
N008926,N010073,different,0.1905829596412556,0.1220472440944882
N006903,N010093,different,0.21081081081081082,0.14014895057549087
N000486,N000487,same,0.9794050343249427,0.9723991507430998
N006198,N007366,different,0.18408880666049954,0.11163522012578617
N004084,N004085,same,0.7134433962264151,0.704225352112676
N007902,N007976,different,0.5349040139616056,0.4217939214232765
N002019,N002021,same,0.5083251714005876,0.4990974729241877
N008725,N008728,same,0.644120707596254,0.629245283018868
N001957,N001958,same,0.9826589595375722,0.9769911504424779
N005497,N008336,different,0.15046491969568893,0.09733840304182509
N009301,N009302,same,0.9705159705159705,0.9527027027027027
N008499,N008952,different,0.37757437070938216,0.24645892351274787
N002300,N003674,different,0.18675179569034317,0.12384996461429583
N009680,N011001,different,0.1276595744680851,0.07981580966999233
N005556,N006568,different,0.1331133113311331,0.0911854103343465
N003574,N007121,different,0.2639269406392694,0.1776923076923077
N004353,N004355,same,0.6030444964871194,0.5910064239828694
N004438,N004442,same,0.7971274685816876,0.7637540453074434
N004678,N004680,same,0.8731836195508587,0.8588957055214724
N000056,N009414,different,0.12003311258278146,0.076980014803849
N005365,N009764,different,0.3355048859934853,0.21897163120567376
N002248,N003503,different,0.2743988684582744,0.20933165195460277
N010508,N010509,same,0.3423019431988042,0.31767955801104975
N001817,N007306,different,0.15201900237529692,0.09936575052854123
N003274,N007023,different,0.41674333026678934,0.3271555197421434
N005079,N005080,same,0.3595769682726204,0.33774834437086093
N000591,N011538,different,0.17755443886097153,0.1151560178306092
N009925,N010387,different,0.1785063752276867,0.11596505162827642
N001053,N002186,different,0.3333333333333333,0.22641509433962265
N008562,N009324,different,0.4448669201520912,0.3426001635322976
N000250,N003051,different,0.16522423288749016,0.10746685275645498
N001525,N001678,different,0.44870565675934804,0.34724540901502504
N008599,N008602,same,0.5367847411444142,0.5221238938053098
N003942,N010918,different,0.2848258706467662,0.19169329073482427
N002513,N007637,different,0.46403508771929824,0.3698630136986301
N009703,N009705,same,0.5352941176470588,0.5205479452054794
N004315,N009584,different,0.4180327868852459,0.3396029258098224
N010620,N010621,same,0.9401294498381877,0.934876989869754
N008248,N008249,same,0.3788546255506608,0.3514056224899598
N005222,N005225,same,0.3798670465337132,0.3649956024626209
N002502,N002505,same,0.9397394136807817,0.9281524926686217
N006200,N006201,same,0.40914158305462656,0.39317953861584753
N000217,N002582,different,0.22818791946308725,0.15344938749194068
N001207,N004094,different,0.2878338278931751,0.21122994652406418
N005453,N010471,different,0.3013392857142857,0.20205799812909261
N001063,N005024,different,0.34478935698447893,0.2299168975069252
N000697,N005493,different,0.11233885819521179,0.07472712006717044
N003555,N009272,different,0.12522045855379188,0.0864
N005393,N007391,different,0.2789034564958284,0.1892430278884462
N006121,N009928,different,0.4516728624535316,0.3430599369085173
N004229,N006064,different,0.12090909090909091,0.08319604612850082
N003265,N010005,different,0.3192771084337349,0.24119241192411925
N007303,N007376,different,0.14754098360655737,0.09387755102040816
N005512,N007327,different,0.3851063829787234,0.2528334786399303
N009065,N011122,different,0.133130081300813,0.09099350046425256
N001376,N001377,same,0.4180790960451977,0.39734422880490294
N000357,N000359,same,0.7128335451080051,0.7019790454016298
N008677,N011938,different,0.3268053855569155,0.22406639004149378
N002197,N002198,same,0.5197183098591549,0.49801849405548215
N001905,N005873,different,0.44240077444336884,0.3779322328410078
N007497,N007499,same,0.6375,0.6237006237006237
N007334,N007335,same,0.9335548172757475,0.922272047832586
N002570,N005618,different,0.16563467492260062,0.11472011057360056
N001074,N002707,different,0.17140661029976942,0.1111864406779661
N003691,N004544,different,0.11867525298988041,0.08171861836562763
N003415,N008452,different,0.4375578168362627,0.36979591836734693
N011716,N011717,same,0.9781591263650546,0.9690140845070423
N001083,N011985,different,0.33946251768033947,0.2424969987995198
N011499,N011500,same,0.9952095808383233,0.9955257270693513
N004212,N009766,different,0.43859649122807015,0.3323375653472741
N002974,N006457,different,0.2311111111111111,0.15256410256410258
N003854,N003855,same,0.6567567567567567,0.6447204968944099
N005378,N005379,same,0.9469914040114613,0.9452229299363057
N011829,N011830,same,0.953757225433526,0.9512195121951219
N005326,N006145,different,0.2673733804475854,0.1875637104994903
N006145,N006146,same,0.5812417437252312,0.5562347188264058
N002008,N003498,different,0.3445161290322581,0.23185265438786565
N010513,N010514,same,0.9553376906318083,0.9345238095238095
N000443,N006009,different,0.12224264705882353,0.08549874266554904
N000043,N000050,same,0.9861111111111112,0.981994459833795
N008967,N008968,same,0.29954614220877457,0.2653333333333333
N002801,N002802,same,0.6082004555808656,0.5983350676378772
N000119,N009303,different,0.1145175834084761,0.07358953393295176
N002058,N002059,same,0.96,0.954954954954955
N001325,N009136,different,0.26141078838174275,0.17717003567181927
N003642,N009092,different,0.2695417789757412,0.18223760092272204
N004298,N004299,same,0.9786184210526315,0.9673405909797823
N007729,N007732,same,0.9783464566929134,0.9657657657657658
N007652,N008774,different,0.49943630214205187,0.4291497975708502
N000834,N001578,different,0.1643939393939394,0.10785619174434088
N002673,N009844,different,0.43492769744160176,0.33657587548638135
N003008,N009152,different,0.2744630071599045,0.1863041289023162
N001326,N001328,same,0.6099110546378653,0.5924617196702002
N009445,N009562,different,0.5919117647058824,0.5065934065934066
N005985,N009162,different,0.18694601128122482,0.12181303116147309
N004071,N004072,same,0.9825242718446602,0.9765765765765766
N000384,N002019,different,0.1535303776683087,0.0962800875273523
N003494,N003495,same,0.22477064220183487,0.20041536863966772
N005806,N011786,different,0.20817120622568094,0.14528462192013594
N011420,N011984,different,0.44485294117647056,0.36217948717948717
N006646,N009384,different,0.13649851632047477,0.08820882088208822
N002639,N002640,same,0.9477124183006536,0.9372197309417041
N006541,N009386,different,0.40828402366863903,0.3390010626992561
N006760,N008055,different,0.47982456140350876,0.3858447488584475
N001785,N004629,different,0.4340425531914894,0.3466915191053122
N000741,N000745,same,0.9496062992125984,0.925
N008186,N009304,different,0.1945945945945946,0.12330623306233063
N001323,N006364,different,0.2789317507418398,0.19576719576719576
N003863,N010008,different,0.18098415346121768,0.1255539143279173
N000058,N000184,different,0.4532940019665683,0.3803307223672759
N000412,N004657,different,0.191131498470948,0.1335593220338983
N000926,N003644,different,0.4985507246376812,0.4040574809805579
N004369,N008199,different,0.35900339750849375,0.23671947809878843
N003450,N006996,different,0.24206008583690988,0.1618075801749271
N004410,N006730,different,0.15149136577708006,0.10084033613445378
N006041,N011988,different,0.15779467680608364,0.10436270316509838
N004913,N010317,different,0.3530066815144766,0.2316849816849817
N007995,N007997,same,0.6266280752532561,0.6069057104913679
N001334,N006274,different,0.18098415346121768,0.12342007434944238
N004939,N011284,different,0.12597066436583262,0.08243451463790447
N005634,N006584,different,0.2685069008782936,0.19083969465648856
N003301,N003302,same,0.6106304079110012,0.5970654627539503
N002267,N010375,different,0.2852897473997028,0.20502645502645503
N003158,N007300,different,0.26370757180156656,0.16962962962962963
N002085,N007988,different,0.30014025245441794,0.20388349514563106
N001118,N001120,same,0.9612068965517241,0.9428934010152284
N000030,N006079,different,0.3114973262032086,0.214123006833713
N005137,N009628,different,0.29328165374677,0.208803611738149
N004055,N008225,different,0.1403985507246377,0.09141494435612083
N001879,N004065,different,0.19721577726218098,0.130879345603272
N000486,N011101,different,0.3319783197831978,0.23803967327887982
N007430,N010330,different,0.4953271028037383,0.3967741935483871
N006041,N009700,different,0.43905635648754915,0.3621301775147929
N000297,N003849,different,0.18052057094878254,0.11526946107784432
N003611,N007188,different,0.2912371134020619,0.19517543859649122
N009978,N009979,same,0.4718384697130712,0.4592445328031809
N001022,N001023,same,0.6374133949191686,0.6304118268215417
N001629,N005005,different,0.24919093851132687,0.15637860082304528
N002923,N007247,different,0.17447495961227788,0.11882605583392986
N003164,N009587,different,0.19677093844601412,0.12752858399296393
N006832,N010598,different,0.22046651617757712,0.1471550032701112
N006511,N006512,same,0.637400228050171,0.6310380267214799
N002304,N009060,different,0.14525691699604742,0.09375
N002106,N006701,different,0.3298245614035088,0.22254901960784312
N006856,N006857,same,0.6453407510431154,0.6272727272727273
N003821,N009085,different,0.48847926267281105,0.4268041237113402
N004522,N009816,different,0.5280095351609059,0.455026455026455
N008514,N008515,same,0.4496969696969697,0.43777777777777777
N008382,N009718,different,0.13227513227513227,0.0830945558739255
N005805,N011332,different,0.4603691639522258,0.406496062992126
N004216,N004699,different,0.3029100529100529,0.203579418344519
N001432,N008873,different,0.44,0.3312252964426877
N002149,N003382,different,0.11526479750778816,0.08014911463187326
N004731,N009345,different,0.3870192307692308,0.3355408388520971
N002163,N002307,different,0.3975563909774436,0.31194151096669376
N002952,N008752,different,0.30971128608923887,0.23059360730593606
N000745,N005843,different,0.26904761904761904,0.19285714285714287
N005260,N011019,different,0.11220825852782765,0.07398373983739838
N002299,N009882,different,0.13884297520661157,0.08808290155440414
N002171,N005867,different,0.2079207920792079,0.14612676056338028
N005334,N007457,different,0.2987012987012987,0.20728008088978767
N005304,N005305,same,0.9093525179856116,0.8866242038216561
N005134,N005135,same,0.6181619256017505,0.6097318768619663
N000982,N005390,different,0.3111111111111111,0.2252922422954304
N002992,N009046,different,0.45254745254745254,0.35857267188859876
N000628,N000633,same,0.35878962536023057,0.3333333333333333
N000573,N006170,different,0.16398104265402844,0.10406091370558376
N010406,N010408,same,0.9868073878627969,0.9776119402985075
N002446,N002447,same,0.6701183431952663,0.6553133514986376
N000735,N001335,different,0.4624098867147271,0.382032667876588
N008238,N011480,different,0.4092920353982301,0.33168805528134254
N000321,N000443,different,0.11914460285132383,0.08364661654135339
N007541,N007546,same,0.3201357466063348,0.2976313079299691
N002683,N007848,different,0.14716636197440586,0.09120788824979457
N009983,N009985,same,0.27672955974842767,0.25332068311195444
N007568,N007570,same,0.43979721166032953,0.42424242424242425
N005448,N005962,different,0.29403606102635227,0.20883054892601433
N004767,N004768,same,0.9114219114219114,0.9004329004329005
N007023,N007916,different,0.44465116279069766,0.3330702446724546
N000315,N000316,same,0.5631313131313131,0.5470383275261324
N001578,N002947,different,0.1927353595255745,0.12775616083009078
N009857,N010711,different,0.3189873417721519,0.22608695652173913
N002290,N003634,different,0.4823731728288908,0.37913299044819987
N011438,N011440,same,0.6818181818181818,0.6671035386631717
N010035,N011646,different,0.3126934984520124,0.22802197802197802
N001295,N001296,same,0.6771879483500718,0.6604527296937417
N005825,N010265,different,0.3019559902200489,0.20545073375262055
N002351,N005508,different,0.47245564892623715,0.3617363344051447
N011075,N011077,same,0.9415204678362573,0.9341935483870968
N011335,N011336,same,0.42099322799097066,0.4023109243697479
N000514,N011152,different,0.4657534246575342,0.3470817120622568
N010762,N010766,same,0.945054945054945,0.9219858156028369
N001314,N003288,different,0.49804839968774395,0.3825065274151436
N001403,N001405,same,0.24444444444444444,0.21847930702598653
N010389,N010391,same,0.8936170212765957,0.8616071428571429
N001258,N001261,same,0.9604430379746836,0.9384835479256081
N003574,N011053,different,0.4176533907427341,0.3339622641509434
N001484,N005371,different,0.3856589147286822,0.29260182876142976
N005426,N005427,same,0.9256198347107438,0.9186046511627907
N008443,N010211,different,0.19233603537214444,0.1276595744680851
N005517,N011613,different,0.12015888778550149,0.08318098720292505
N005828,N010514,different,0.14030819140308193,0.08676789587852494
N011154,N011156,same,0.6553552492046659,0.6539923954372624
N002595,N003310,different,0.2673130193905817,0.17681498829039813
N008630,N011336,different,0.5083986562150056,0.4435483870967742
N004951,N008794,different,0.37678401522359656,0.29866888519134777
N000391,N004186,different,0.39901477832512317,0.3363028953229399
N000166,N008677,different,0.29328621908127206,0.20342396777442096
N009154,N011317,different,0.3404255319148936,0.22455403987408185
N002589,N009612,different,0.3952662721893491,0.32831001076426264
N008268,N009916,different,0.4082051282051282,0.32545454545454544
N002316,N002317,same,0.516546762589928,0.49601063829787234
N006596,N011033,different,0.1719022687609075,0.1201885310290652
N010106,N010107,same,0.4155688622754491,0.3879120879120879
N008409,N008410,same,0.963302752293578,0.9426934097421203
N001937,N007430,different,0.43248730964467,0.3712737127371274
N000078,N006886,different,0.28402366863905326,0.20266666666666666
N010999,N011001,same,0.36,0.32802937576499386
N001357,N010788,different,0.3091517857142857,0.20168067226890757
N000906,N011149,different,0.38375973303670746,0.2484076433121019
N003435,N009318,different,0.32756756756756755,0.2224231464737794
N002916,N004445,different,0.2777777777777778,0.1953125
N003770,N011367,different,0.32098765432098764,0.2438692098092643
N010980,N010981,same,0.6670157068062827,0.6575729068673566
N005040,N005041,same,0.9271255060728745,0.922365988909427
N008937,N008938,same,0.25128865979381443,0.22748815165876776
N002071,N006588,different,0.15436241610738255,0.11220715166461159
N010261,N011914,different,0.4262435677530017,0.34375
N000670,N000671,same,0.9428571428571428,0.9152798789712556
N000489,N007029,different,0.31212121212121213,0.23224043715846995
N007633,N010942,different,0.2535211267605634,0.17100371747211895
N005243,N006569,different,0.15391969407265774,0.10232158211521926
N001083,N001567,different,0.2810126582278481,0.1926006528835691
N000282,N006591,different,0.3023255813953488,0.20679012345679013
N003362,N003364,same,0.9843444227005871,0.9781818181818182
N005927,N008816,different,0.45161290322580644,0.3916827852998066
N001289,N001291,same,0.2819253438113949,0.2601410934744268
N005231,N005232,same,0.9606299212598425,0.9401088929219601
N003835,N003837,same,0.744943820224719,0.7358870967741935
N004167,N005115,different,0.4928909952606635,0.3877338877338877
N002040,N003281,different,0.3264129181084198,0.2037914691943128
N002605,N010853,different,0.43979721166032953,0.3581081081081081
N011139,N011793,different,0.19011976047904192,0.1210149642160052
N001458,N002506,different,0.25684485006518903,0.1832579185520362
N007148,N011853,different,0.488659793814433,0.41452205882352944
N001791,N008583,different,0.3941997851772288,0.3253128007699711
N008993,N008995,same,0.9464944649446494,0.9135593220338983
N004043,N004218,different,0.36012861736334406,0.2943969610636277
N011601,N011603,same,0.9309734513274336,0.8963317384370016
N002945,N010292,different,0.2311033883579496,0.15384615384615385
N006385,N011130,different,0.37486095661846497,0.3081510934393638
N006764,N009477,different,0.39568345323741005,0.33043478260869563
N004409,N011892,different,0.2621527777777778,0.17785977859778598
N000023,N002700,different,0.361,0.2906057945566286
N001669,N003264,different,0.28797083839611176,0.2
N002831,N008460,different,0.1684511063526053,0.11342155009451796
N004184,N005163,different,0.1709470304975923,0.1111111111111111
N009665,N011482,different,0.11764705882352941,0.07381615598885793
N000340,N009553,different,0.1302408563782337,0.083668543845535
N002043,N008828,different,0.26171428571428573,0.1812015503875969
N003466,N003469,same,0.6113116726835138,0.6008771929824561
N005064,N005067,same,0.7074030552291422,0.6961620469083155
N000030,N007467,different,0.2895927601809955,0.1965484180249281
N011900,N011901,same,0.5525394045534151,0.5529225908372828
N006901,N008943,different,0.3192982456140351,0.21421520236920039
N003415,N005750,different,0.16476190476190475,0.11263972484952708
N005350,N005352,same,0.38550057537399307,0.3625
N007614,N008823,different,0.18270676691729323,0.1203155818540434
N004333,N008255,different,0.288135593220339,0.19840566873339238
N009495,N009521,different,0.18403908794788273,0.1274438812454743
N006462,N006463,same,0.9389671361502347,0.9363507779349364
N001629,N008262,different,0.3693379790940767,0.2607003891050584
N002516,N010795,different,0.3468516542155816,0.22799295774647887
N006622,N006623,same,0.780891719745223,0.7529691211401425
N010081,N010082,same,0.6762589928057554,0.669750231267345
N007560,N007561,same,0.6103739445114595,0.6006637168141593
N005941,N006998,different,0.4575371549893843,0.3982725527831094
N004062,N004438,different,0.2693877551020408,0.18457943925233644
N000990,N002973,different,0.16344605475040258,0.09588068181818182
N008321,N008641,different,0.43097643097643096,0.34025717111770526
N008561,N008562,same,0.6957123098201936,0.6794871794871795
N001360,N001361,same,0.9676724137931034,0.951417004048583
N008993,N008994,same,0.9699812382739212,0.9581881533101045
N005108,N005109,same,0.7409638554216867,0.737417943107221
N001983,N001984,same,0.5805970149253732,0.5605442176870749
N006038,N009049,different,0.1768,0.12142857142857143
N001413,N007076,different,0.3006134969325153,0.2020304568527919
N005772,N005776,same,0.34296028880866425,0.3068181818181818
N000237,N009075,different,0.4961904761904762,0.36626506024096384
N011043,N011048,same,0.27343078245915736,0.2434108527131783
N004742,N006981,different,0.2781289506953224,0.19781420765027322
N004801,N004802,same,0.571964956195244,0.5560640732265446
N003994,N003995,same,0.2352437981180496,0.21367521367521367
N000643,N009675,different,0.452947259565667,0.3831948291782087
N006086,N006087,same,0.9350453172205438,0.9256756756756757
N000266,N010102,different,0.3615494978479197,0.24754901960784315
N005028,N009701,different,0.3288690476190476,0.23785166240409208
N009670,N009671,same,0.9602122015915119,0.94
N001005,N001804,different,0.43043043043043044,0.3717605004468275
N005314,N010609,different,0.4876805437553101,0.37988422575976843
N000417,N000419,same,0.9435261707988981,0.9350490196078431
N011041,N011048,same,0.2551546391752577,0.22575640031031807
N000992,N001435,different,0.2919042189281642,0.2048076923076923
N004107,N008166,different,0.18019480519480519,0.1240086517664023
N002590,N002591,same,0.9423558897243107,0.9221698113207547
N005119,N005121,same,0.6753585397653195,0.662291169451074
N002826,N007185,different,0.1345646437994723,0.08917197452229299
N009349,N009350,same,0.9521072796934866,0.9259896729776248
N003121,N005007,different,0.16003249390739235,0.10101010101010101
N002947,N003566,different,0.10521885521885523,0.06864988558352403
N000485,N000488,same,0.8515463917525773,0.8037383177570093
N004349,N011691,different,0.4590780809031044,0.37582236842105265
N011281,N011282,same,0.71712158808933,0.7072625698324022
N003865,N009372,different,0.18712955122777308,0.12316715542521994
N001198,N010109,different,0.4680073126142596,0.34129429892141755
N011975,N011976,same,0.6637426900584795,0.6441136671177267
N006419,N007183,different,0.12845528455284552,0.08552631578947369
N010407,N010605,different,0.2811594202898551,0.2069408740359897
N009079,N010570,different,0.4885654885654886,0.419234360410831
N001415,N006560,different,0.4164904862579281,0.3245214220601641
N001653,N001654,same,0.6506550218340611,0.6342780026990553
N003355,N003823,different,0.1415168100078186,0.08856345885634588
N000355,N005276,different,0.40498442367601245,0.31689497716894977
N007573,N007574,same,0.40279394644935973,0.381151832460733
N007999,N008002,same,0.9478584729981379,0.9449225473321858
N007057,N010814,different,0.11323896752706078,0.07261724659606657
N000264,N009708,different,0.3069908814589666,0.21621621621621623
N008825,N008828,same,0.5863874345549738,0.5602409638554217
N001284,N006893,different,0.23678493845039827,0.15446650124069478
N011033,N011035,same,0.9579207920792079,0.9484536082474226
N004348,N004349,same,0.48419721871049304,0.459837019790454
N004177,N010930,different,0.29854096520763185,0.1819021237303786
N003845,N003847,same,0.6493212669683258,0.6434426229508197
N004106,N004107,same,0.26507177033492824,0.24424778761061947
N007911,N009413,different,0.26445086705202314,0.19771863117870722
N001010,N001011,same,0.33539731682146545,0.31152073732718893
N009213,N010572,different,0.19021739130434784,0.1309408341416101
N006364,N006366,same,0.26842837273991654,0.24552429667519182
N001447,N003703,different,0.25990675990675993,0.18334985133795836
N009727,N010185,different,0.19600591715976332,0.12132822477650064
N000605,N002652,different,0.2547085201793722,0.16591251885369532
N004016,N004017,same,0.2396593673965937,0.2163677130044843
N010689,N011576,different,0.1636675235646958,0.10785824345146379
N001733,N001734,same,0.7892156862745098,0.7242152466367713
N004845,N007461,different,0.17208564631245044,0.11422564821303434
N010880,N010881,same,0.8116343490304709,0.8137128072445019
N000498,N001176,different,0.31560283687943264,0.2137862137862138
N001285,N003729,different,0.1801363193768257,0.12157534246575342
N006173,N008196,different,0.3157894736842105,0.21017907634307256
N008110,N009707,different,0.4619718309859155,0.37448559670781895
N007193,N010619,different,0.48372093023255813,0.42094240837696334
N000561,N003679,different,0.47549909255898365,0.3860062893081761
N003026,N003027,same,0.6368876080691642,0.6213333333333333
N004552,N004553,same,0.736318407960199,0.7147102526002972
N007647,N009169,different,0.4495798319327731,0.38468720821662
N005744,N010823,different,0.4155154091392136,0.3336448598130841
N001880,N002772,different,0.17545304777594728,0.11612426035502958
N003351,N006982,different,0.19339622641509435,0.13029045643153528
N006591,N011935,different,0.4,0.26937618147448017
N008482,N010584,different,0.31573033707865167,0.2011173184357542
N005814,N006544,different,0.14520098441345364,0.09236363636363637
N006622,N006638,different,0.14800759013282733,0.09956709956709957
N008603,N010598,different,0.1817427385892116,0.12324723247232472
N000753,N000755,same,0.9080459770114943,0.8880407124681934
N006153,N009437,different,0.46061269146608314,0.3652924256951103
N002548,N010207,different,0.5004721435316336,0.37004754358161646
N004026,N010431,different,0.3073286052009456,0.2094188376753507
N000339,N002440,different,0.2813333333333333,0.195852534562212
N000964,N008611,different,0.4139004149377593,0.3203266787658802
N001833,N004195,different,0.4462025316455696,0.3540315106580167
N001282,N004950,different,0.13647642679900746,0.08916728076639646
N000030,N009868,different,0.2734839476813318,0.19384615384615383
N001010,N004708,different,0.47297297297297297,0.4009216589861751
N000566,N008517,different,0.20811808118081182,0.1288265306122449
N011092,N011095,same,0.7177777777777777,0.7057057057057057
N001983,N009014,different,0.2585499316005472,0.17894736842105263
N005044,N005045,same,0.9385245901639344,0.9352380952380952
N003201,N003203,same,1.0,1.0
N000238,N001915,different,0.34460887949260044,0.2319721980886186
N000461,N004754,different,0.5113230035756854,0.4434876210979548
N000135,N010890,different,0.1501766784452297,0.10127591706539076
N011414,N011759,different,0.29046898638426627,0.2170439414114514
N003751,N007825,different,0.2316546762589928,0.15260545905707196
N006774,N009531,different,0.5340393343419062,0.43524699599465955
N000516,N006620,different,0.236328125,0.16666666666666666
N004325,N004949,different,0.3015006821282401,0.21800947867298578
N000557,N004353,different,0.27434679334916867,0.18044354838709678
N000286,N008208,different,0.4939422180801491,0.400974025974026
N002691,N010535,different,0.511,0.4270557029177719
N000490,N006570,different,0.4094094094094094,0.3246753246753247
N005692,N009368,different,0.13901760889712697,0.09243697478991597
N006324,N006325,same,0.6141732283464567,0.6014492753623188
N004951,N011682,different,0.4606116774791474,0.3507521773555028
N010982,N010985,same,0.6755196304849884,0.6571125265392781
N009834,N009835,same,0.5942947702060222,0.5618479880774963
N003500,N003501,same,0.686030428769018,0.6730523627075351
N010499,N011269,different,0.11471103327495621,0.07827476038338659
N005257,N010502,different,0.1681614349775785,0.1089238845144357
N003920,N006487,different,0.2190082644628099,0.15201900237529692
N011834,N011835,same,0.9272445820433437,0.9122085048010974
N004364,N007454,different,0.20198675496688742,0.12928501469147893
N004158,N008744,different,0.30759493670886073,0.21451787648970747
N005771,N006045,different,0.1282051282051282,0.08852755194218609
N001865,N011525,different,0.3344632768361582,0.22065727699530516
N001362,N001363,same,0.25717321997874604,0.23084291187739464
N009863,N009866,same,0.33498145859085293,0.3139269406392694
N000175,N002508,different,0.37459978655282816,0.2515391380826737
N006545,N006546,same,0.7358943577430972,0.7348484848484849
N000215,N005986,different,0.44329896907216493,0.3798165137614679
N004433,N011613,different,0.15575079872204473,0.10410764872521247
N000064,N010912,different,0.132317562149158,0.08595988538681948
N008572,N009975,different,0.25690276110444177,0.17592592592592593
N000431,N001948,different,0.18101933216168717,0.1263823064770932
N002598,N004139,different,0.3056872037914692,0.2055063913470993
N007063,N007064,same,0.702523240371846,0.6944444444444444
N008238,N008239,same,0.6784313725490196,0.6670687575392038
N000518,N009485,different,0.1069364161849711,0.06800348735832606
N003093,N003735,different,0.1549067315490673,0.09792709077912795
N001977,N007620,different,0.1640746500777605,0.10620689655172413
N009205,N009208,same,0.4407744874715262,0.4215581643543223
N003317,N010218,different,0.244228432563791,0.17259414225941422
N006112,N006266,different,0.18212765957446808,0.12566641279512566
N003208,N003758,different,0.20112179487179488,0.1346562721474132
N008188,N008190,same,0.9682875264270613,0.9552529182879378
N003051,N011987,different,0.16003184713375795,0.10119465917076599
N001446,N004867,different,0.20610687022900764,0.1362126245847176
N000895,N009304,different,0.4654970760233918,0.39339019189765456
N000161,N010769,different,0.12019623875715454,0.08076358296622614
N003327,N003328,same,0.6530398322851153,0.6439393939393939
N008176,N010603,different,0.17096466093600765,0.12076455256298871
N001633,N001634,same,0.3454231433506045,0.3152
N004001,N007546,different,0.5445859872611465,0.46320346320346323
N000937,N000938,same,0.5454545454545454,0.5232419547079857
N008048,N008050,same,0.9397394136807817,0.9363905325443787
N004328,N008917,different,0.28193832599118945,0.20887728459530025
N004757,N008828,different,0.2967581047381546,0.20403825717321997
N005397,N005398,same,0.3233173076923077,0.29524886877828055
N001291,N007292,different,0.30021141649048627,0.20512820512820512
N007205,N007207,same,1.0,1.0
N002229,N011361,different,0.4826629680998613,0.4151898734177215
N005375,N005716,different,0.19033886085075702,0.1214017521902378
N002758,N002818,different,0.2787958115183246,0.19748858447488585
N009564,N011151,different,0.4925124792013311,0.38652482269503546
N008487,N008488,same,0.9833948339483395,0.9781144781144782
N007856,N007858,same,0.6651305683563749,0.6553191489361702
N000647,N001025,different,0.15802075019952114,0.10724431818181818
N003489,N010336,different,0.28551724137931034,0.19053254437869824
N000327,N009318,different,0.28314028314028317,0.2058165548098434
N005431,N006150,different,0.18308702791461412,0.12207602339181287
N002684,N004549,different,0.16666666666666666,0.11256354393609296
N005744,N007062,different,0.13921901528013583,0.08868501529051988
N004248,N011184,different,0.2824207492795389,0.19506172839506172
N003020,N003021,same,0.44612068965517243,0.4300100704934542
N000160,N003947,different,0.35119726339794755,0.22792022792022792
N006712,N008335,different,0.2977893368010403,0.21177802944507362
N000843,N005365,different,0.2527379949452401,0.16761768901569188
N011628,N011629,same,0.30035026269702275,0.2802547770700637
N000026,N011332,different,0.5083798882681564,0.4215686274509804
N003058,N009240,different,0.24435590969455512,0.16878612716763006
N000396,N000397,same,0.345841784989858,0.32608695652173914
N006146,N006401,different,0.18007662835249041,0.11875843454790823
N007004,N011967,different,0.29055007052186177,0.2141982864137087
N002229,N002230,same,0.44379391100702575,0.41578947368421054
N002088,N011862,different,0.38173817381738173,0.312133072407045
N004709,N004711,same,0.9357277882797732,0.9273356401384083
N001940,N002621,different,0.19047619047619047,0.12727272727272726
N004803,N004804,same,0.9240506329113924,0.915057915057915
N003748,N011207,different,0.12478632478632479,0.09041309431021044
N001623,N010411,different,0.12568306010928962,0.08243130724396336
N002821,N007053,different,0.4334016393442623,0.32894736842105265
N001977,N006802,different,0.5064676616915423,0.4202266782911944
N000993,N011320,different,0.3381770145310436,0.22580645161290322
N008784,N011076,different,0.504746835443038,0.385837193911317
N001137,N005072,different,0.21614100185528756,0.14458804523424879
N007487,N007491,same,0.4956395348837209,0.46802721088435373
N002401,N005487,different,0.3055555555555556,0.20630081300813008
N001101,N002086,different,0.20302375809935205,0.135423197492163
N004655,N010935,different,0.5132178669097539,0.40769835035349566
N004085,N004086,same,0.9545454545454546,0.9448275862068966
N003125,N003127,same,0.9476268412438625,0.9216255442670537
N001101,N001666,different,0.18412942989214176,0.13034482758620689
N001141,N001142,same,0.29271916790490343,0.2526041666666667
N006480,N008863,different,0.1140861466821886,0.08440170940170941
N000817,N011666,different,0.4732824427480916,0.35872235872235875
N000219,N003185,different,0.2919954904171364,0.19866920152091255
N001988,N006863,different,0.18020833333333333,0.12007332722273144
N009478,N009479,same,0.6497933884297521,0.6366197183098592
N001784,N005288,different,0.1599247412982126,0.10499576629974598
N001436,N002155,different,0.12123677786818551,0.07614213197969544
N006423,N011777,different,0.3098901098901099,0.20108695652173914
N006565,N006569,same,0.3220696937697994,0.2983947119924457
N003427,N006396,different,0.339568345323741,0.2247596153846154
N009745,N009848,different,0.47027972027972026,0.3728301886792453
N002762,N002765,same,0.6017699115044248,0.5826494724501758
N000065,N000124,different,0.1931637519872814,0.1270175438596491
N001140,N008945,different,0.2351294611616515,0.1522903033908388
N002973,N002974,same,0.7559322033898305,0.7302904564315352
N006774,N006775,same,0.3634686346863469,0.3316412859560068
N011429,N011433,same,0.6187845303867403,0.607
N009822,N009823,same,0.3240963855421687,0.3010033444816054
N009371,N009372,same,0.6510869565217391,0.6417322834645669
N001006,N009138,different,0.31547619047619047,0.22933333333333333
N000723,N009281,different,0.16421378776142526,0.11050102951269733
N000259,N003124,different,0.3443496801705757,0.222318339100346
N002544,N002792,different,0.4851889683350358,0.4007220216606498
N002931,N008664,different,0.3125,0.24193548387096775
N000990,N002132,different,0.4381044487427466,0.33753148614609574
N005946,N007449,different,0.20701754385964913,0.13595166163141995
N004307,N010960,different,0.30158730158730157,0.19797525309336333
N005835,N008645,different,0.48522727272727273,0.4312306101344364
N001422,N004687,different,0.3542319749216301,0.2548476454293629
N007233,N007728,different,0.13097199341021418,0.08155767817781043
N009592,N009782,different,0.33639494833524686,0.22788461538461538
N011533,N011534,same,0.5771495877502945,0.5591748099891423
N005300,N005301,same,0.9530026109660574,0.9428223844282239
N005855,N007938,different,0.2874186550976139,0.18828828828828828
N007921,N007922,same,0.5678073510773131,0.5573770491803278
N001521,N006976,different,0.4026905829596413,0.33203125
N000725,N008406,different,0.4639468690702087,0.3575510204081633
N004174,N006820,different,0.30616509926854757,0.19601040763226366
N000607,N004665,different,0.3070063694267516,0.2
N003228,N006079,different,0.289707750952986,0.20043336944745396
N010506,N010507,same,0.5650510204081632,0.5483490566037735
N010699,N010700,same,0.6171875,0.5982532751091703
N001185,N004181,different,0.34133611691022964,0.28066914498141265
N005027,N005028,same,0.9713740458015268,0.9584055459272097
N001758,N009092,different,0.24372230428360414,0.15267175572519084
N002928,N003582,different,0.1431906614785992,0.09480337078651685
N003050,N008741,different,0.48210526315789476,0.40222428174235403
N004158,N011487,different,0.2707253886010363,0.18819599109131402
N000139,N007621,different,0.25866336633663367,0.18622174381054898
N007036,N007038,same,0.38613861386138615,0.3448275862068966
N002201,N002648,different,0.2662857142857143,0.18155339805825244
N000003,N000843,different,0.4891089108910891,0.4120734908136483
N007190,N008966,different,0.3262316910785619,0.21651785714285715
N010033,N010034,same,0.9725776965265083,0.96
N005989,N005990,same,0.6188850967007964,0.6045548654244306
N002242,N004023,different,0.2717241379310345,0.19494584837545126
N000443,N004578,different,0.1203125,0.07654836464857341
N005743,N005744,same,0.4048165137614679,0.39167556029882605
N003903,N006662,different,0.16193656093489148,0.10835214446952596
N011033,N011036,same,0.5767835550181378,0.5548172757475083
N006643,N006644,same,0.36608187134502923,0.3488372093023256
N003720,N006775,different,0.29102167182662536,0.2016348773841962
N003418,N007053,different,0.25701357466063346,0.1809672386895476
N003804,N005139,different,0.15928369462770972,0.10762711864406779
N002540,N007668,different,0.15517241379310345,0.10278207109737249
N008366,N008369,same,0.9534246575342465,0.948905109489051
N010742,N010743,same,0.5684647302904564,0.5395858708891595
N004746,N004760,different,0.33365384615384613,0.22432859399684044
N007368,N009303,different,0.41214057507987223,0.33364928909952607
N007396,N007397,same,0.97,0.9565217391304348
N001143,N009969,different,0.37883597883597886,0.3008356545961003
N002468,N002469,same,0.942367601246106,0.9312762973352033
N007220,N011663,different,0.23669724770642203,0.1592
N005926,N007181,different,0.28746928746928746,0.1943866943866944
N003437,N005168,different,0.11633663366336634,0.07663690476190477
N000355,N000372,different,0.2097902097902098,0.13410483321987746
N010682,N010683,same,0.9470672389127325,0.9433249370277078
N004567,N008956,different,0.33373205741626794,0.22664015904572565
N008093,N008094,same,0.4512893982808023,0.4348404255319149
N004447,N004449,same,0.4202586206896552,0.3826429980276134
N001475,N004007,different,0.20824742268041238,0.13515115589804386
N001138,N009030,different,0.16310845431255339,0.11360123647604328
N004140,N010723,different,0.452286282306163,0.3452685421994885
N007477,N007828,different,0.46493756003842457,0.37761069340016706
N008284,N009896,different,0.2712895377128954,0.1698880976602238
N006759,N008551,different,0.1996527777777778,0.14442700156985872
N004856,N010634,different,0.4325068870523416,0.35525260625501204
N003022,N010880,different,0.18191161356628982,0.11528150134048257
N001271,N001372,different,0.26854219948849106,0.18921892189218922
N002952,N006725,different,0.318233295583239,0.21734985700667303
N009630,N010560,different,0.3931297709923664,0.3105175292153589
N002342,N008733,different,0.17774762550881953,0.1269276393831554
N002631,N007528,different,0.21368948247078465,0.14962962962962964
N002957,N003701,different,0.21443514644351463,0.1425959780621572
N011515,N011516,same,0.4875,0.4614499424626007
N004013,N005436,different,0.15793650793650793,0.10759493670886076
N010144,N010145,same,0.9652173913043478,0.9516129032258065
N004509,N004511,same,0.7271714922048997,0.7272727272727273
N003868,N011674,different,0.3176638176638177,0.22031823745410037
N008357,N009838,different,0.26394052044609667,0.1836734693877551
N005241,N005242,same,0.9347408829174664,0.9253996447602132
N008230,N009234,different,0.12997562956945571,0.08959537572254335
N000666,N000923,different,0.13784246575342465,0.08404009252120277
N003267,N005780,different,0.2984165651644336,0.20893970893970895
N001044,N001720,different,0.18088467614533965,0.12089447938504543
N011522,N011523,same,0.6775956284153005,0.6583229036295369
N009330,N010526,different,0.3217821782178218,0.21287642782969884
N003319,N008808,different,0.4562268803945746,0.3795379537953795
N006178,N006182,same,0.42502951593860683,0.4117647058823529
N002814,N005953,different,0.24766355140186916,0.18030513176144244
N007615,N007616,same,0.7402135231316725,0.7354211663066955
N007876,N007877,same,0.4837662337662338,0.4744094488188976
N004729,N004730,same,0.590032154340836,0.5521936459909228
N005862,N006116,different,0.5501760563380281,0.4254843517138599
N000562,N005787,different,0.15819209039548024,0.09746109746109746
N007575,N009140,different,0.11769911504424779,0.08051529790660225
N011000,N011001,same,0.3488372093023256,0.3132387706855792
N006167,N009175,different,0.3001230012300123,0.2102510460251046
N004662,N009916,different,0.18887908208296558,0.12998405103668262
N010431,N010432,same,0.946524064171123,0.9476268412438625
N001509,N001510,same,0.630965005302227,0.6245210727969349
N000737,N002287,different,0.2745995423340961,0.17568850902184235
N001764,N001765,same,0.6166419019316494,0.59366391184573
N004877,N006275,different,0.360427807486631,0.23365300784655624
N002351,N006165,different,0.36807817589576547,0.30455868089233756
N009140,N009547,different,0.46366782006920415,0.3684603886397608
N007104,N007105,same,0.9669603524229075,0.950920245398773
N000463,N000465,same,0.7317676143386898,0.7262443438914027
N001124,N011201,different,0.27357392316647267,0.19257773319959878
N004151,N010614,different,0.5384615384615384,0.439453125
N003957,N007645,different,0.28603603603603606,0.18926553672316385
N003941,N009735,different,0.18498023715415018,0.12159329140461216
N000647,N008088,different,0.12622222222222224,0.08688656476267095
N002017,N005475,different,0.48206071757129715,0.35968992248062015
N000323,N006510,different,0.3251366120218579,0.22588235294117648
N008539,N008542,same,0.40736342042755347,0.38309549945115257
N002578,N006004,different,0.5057712486883525,0.42630597014925375
N001918,N002086,different,0.2222222222222222,0.14129810453762207
N002507,N002508,same,0.9418070444104135,0.930939226519337
N001934,N011090,different,0.3920398009950249,0.301464254952627
N004269,N011588,different,0.2852941176470588,0.21052631578947367
N005629,N006728,different,0.19900142653352354,0.13030116779348494
N008009,N008010,same,0.39145496535796764,0.3681434599156118
N009840,N009841,same,0.4219001610305958,0.39457831325301207
