notice_id_a,notice_id_b,label,exact_jaccard,minhash_jaccard,absolute_error
N010018,N010020,same,0.22327790973871733,0.21614583333333334,0.007132076405383991
N007876,N008565,different,0.14226437462951985,0.125,0.017264374629519852
N005451,N005452,same,0.30393700787401573,0.2760416666666667,0.027895341207349045
N008464,N010231,different,0.08016877637130802,0.059895833333333336,0.020272943037974687
N000420,N001104,different,0.21575757575757576,0.2604166666666667,0.044659090909090926
N004781,N005219,different,0.1953125,0.21354166666666666,0.018229166666666657
N007021,N010547,different,0.3037249283667622,0.3463541666666667,0.042629238299904504
N004413,N008734,different,0.090283091048202,0.07552083333333333,0.014762257714868665
N007783,N007784,same,0.27596439169139464,0.2916666666666667,0.015702274975272046
N001104,N001107,same,0.29987293519695046,0.296875,0.002997935196950463
N006958,N006959,same,0.4657676348547718,0.4505208333333333,0.01524680152143848
N003107,N007431,different,0.3397497593840231,0.359375,0.019625240615976924
N010497,N011446,different,0.4118705035971223,0.4375,0.025629496402877705
N002561,N003545,different,0.08501683501683502,0.0703125,0.014704335016835018
N004217,N007965,different,0.3909426987060998,0.3828125,0.008130198706099823
N006099,N006100,same,0.608955223880597,0.5859375,0.023017723880596974
N009010,N009562,different,0.10054137664346481,0.109375,0.008833623356535189
N005332,N005333,same,0.8864142538975501,0.9140625,0.02764824610244987
N008288,N010448,different,0.342769701606733,0.3541666666666667,0.011396965059933706
N002391,N009409,different,0.10464259395725865,0.08072916666666667,0.023913427290591982
N001001,N007428,different,0.14570685169124023,0.17447916666666666,0.028772314975426427
N002919,N002920,same,0.9832689832689833,0.9869791666666666,0.0037101833976833642
N007223,N008301,different,0.22674418604651161,0.23177083333333334,0.005026647286821728
N005352,N007867,different,0.10385259631490787,0.07552083333333333,0.02833176298157454
N007893,N007894,same,0.931095406360424,0.9088541666666666,0.022241239693757353
N002670,N007972,different,0.3520536462699078,0.3333333333333333,0.0187203129365745
N006038,N008642,different,0.12264150943396226,0.11979166666666667,0.0028498427672955934
N004523,N007453,different,0.22637106184364061,0.24479166666666666,0.018420604823026043
N006491,N010563,different,0.3981937602627258,0.3984375,0.00024373973727420672
N002902,N010086,different,0.19658119658119658,0.18229166666666666,0.01428952991452992
N001013,N003939,different,0.22428991185112634,0.22395833333333334,0.00033157851779300196
N002612,N004456,different,0.11706948640483383,0.109375,0.0076944864048338335
N003308,N005945,different,0.09263392857142858,0.09635416666666667,0.003720238095238096
N002811,N007128,different,0.21108490566037735,0.23697916666666666,0.025894261006289304
N007478,N011108,different,0.13304410701373826,0.13802083333333334,0.004976726319595087
N001760,N001761,same,0.9564356435643564,0.9661458333333334,0.009710189768976973
N004944,N009237,different,0.12702078521939955,0.11458333333333333,0.012437451886066223
N008261,N008262,same,0.6127110228401191,0.6354166666666666,0.022705643826547495
N003630,N009918,different,0.164021164021164,0.18229166666666666,0.018270502645502645
N003948,N008608,different,0.09424083769633508,0.08854166666666667,0.0056991710296684095
N008997,N008998,same,0.5355450236966824,0.515625,0.019920023696682443
N004789,N005917,different,0.2227314390467461,0.22395833333333334,0.0012268942865872323
N003672,N008071,different,0.4482758620689655,0.4739583333333333,0.02568247126436779
N009235,N009236,same,0.43392070484581496,0.4401041666666667,0.006183461820851721
N001817,N002597,different,0.38290293855743546,0.359375,0.023527938557435457
N000985,N000986,same,0.21484814398200225,0.21354166666666666,0.0013064773153355913
N000993,N010660,different,0.19585492227979276,0.1953125,0.0005424222797927591
N003269,N010318,different,0.24196428571428572,0.2682291666666667,0.02626488095238097
N011750,N011966,different,0.21884200196270853,0.22135416666666666,0.002512164703958125
N010357,N010360,same,0.9775967413441955,0.96875,0.008846741344195497
N001163,N001165,same,0.963963963963964,0.96875,0.004786036036036001
N011255,N011732,different,0.25301204819277107,0.2682291666666667,0.015217118473895619
N007191,N011803,different,0.09849624060150376,0.10416666666666667,0.005670426065162909
N003422,N008330,different,0.10510732790525537,0.1015625,0.003544827905255371
N004762,N011915,different,0.37445699391833187,0.3854166666666667,0.010959672748334814
N006325,N006326,same,0.8560830860534124,0.8307291666666666,0.025353919386745805
N003658,N003661,same,0.9563492063492064,0.9713541666666666,0.015004960317460236
N010135,N010136,same,0.9802306425041186,0.9739583333333334,0.006272309170785251
N003079,N011928,different,0.39072847682119205,0.390625,0.00010347682119205004
N000268,N009659,different,0.4808362369337979,0.4921875,0.0113512630662021
N001173,N001174,same,0.6185983827493261,0.5807291666666666,0.037869216082659474
N004065,N007546,different,0.33714880332986474,0.328125,0.009023803329864744
N000702,N007932,different,0.08437935843793584,0.06770833333333333,0.016671025104602513
N009387,N009517,different,0.2125,0.21875,0.0062500000000000056
N000358,N007166,different,0.20224719101123595,0.1796875,0.02255969101123595
N007841,N011872,different,0.09887640449438202,0.09114583333333333,0.007730571161048694
N000576,N000577,same,0.19479166666666667,0.18489583333333334,0.009895833333333326
N003372,N008041,different,0.19982238010657194,0.16145833333333334,0.0383640467732386
N006470,N009323,different,0.3857998289136014,0.4192708333333333,0.03347100441973194
N001685,N001686,same,0.6404833836858006,0.6354166666666666,0.0050667170191339705
N002358,N005690,different,0.2187192118226601,0.20052083333333334,0.01819837848932676
N002216,N002218,same,0.8641975308641975,0.84375,0.020447530864197483
N003837,N007101,different,0.31993299832495814,0.3177083333333333,0.002224664991624825
N008995,N010419,different,0.2130479102956167,0.20052083333333334,0.012527076962283362
N001394,N003813,different,0.12021857923497267,0.11197916666666667,0.008239412568306001
N003816,N009648,different,0.4149797570850202,0.453125,0.03814524291497978
N000883,N003126,different,0.09569798068481124,0.09635416666666667,0.0006561859818554339
N010748,N011807,different,0.1994750656167979,0.20833333333333334,0.008858267716535445
N006050,N007874,different,0.13000656598818122,0.11458333333333333,0.015423232654847893
N011687,N011688,same,0.981549815498155,0.9791666666666666,0.0023831488314883797
N000036,N011140,different,0.1573907839616996,0.16927083333333334,0.011880049371633755
N000051,N000052,same,0.948051948051948,0.9505208333333334,0.0024688852813853357
N001105,N007889,different,0.07413647851727043,0.09375,0.019613521482729573
N004491,N004492,same,0.5326460481099656,0.5625,0.02985395189003437
N004978,N009682,different,0.1393998063891578,0.1484375,0.009037693610842196
N008379,N008380,same,0.9316666666666666,0.9270833333333334,0.004583333333333273
N001189,N011628,different,0.11423390752493201,0.1015625,0.01267140752493201
N000183,N001889,different,0.49176470588235294,0.4739583333333333,0.017806372549019622
N006225,N006227,same,0.22401847575057737,0.22395833333333334,6.014241724403013e-05
N002447,N007313,different,0.18085106382978725,0.18489583333333334,0.004044769503546097
N005321,N005322,same,0.9280469897209985,0.9322916666666666,0.004244676945668102
N004563,N004564,same,0.39532710280373834,0.3697916666666667,0.025535436137071654
N001497,N001498,same,0.48555452003727867,0.4348958333333333,0.050658686703945355
N002729,N008105,different,0.2131303520456708,0.1953125,0.017817852045670796
N000314,N008220,different,0.1585518102372035,0.171875,0.013323189762796506
N001902,N009227,different,0.39800995024875624,0.4036458333333333,0.005635883084577076
N001376,N009439,different,0.3347978910369069,0.359375,0.02457710896309312
N003019,N009498,different,0.13851132686084142,0.13020833333333334,0.008302993527508074
N003883,N004988,different,0.12106368089573127,0.10416666666666667,0.016897014229064602
N004822,N007764,different,0.1676300578034682,0.1875,0.019869942196531792
N000255,N007615,different,0.2907986111111111,0.3203125,0.029513888888888895
N005676,N011302,different,0.20606060606060606,0.20052083333333334,0.005539772727272713
N003403,N007889,different,0.09466984884645982,0.08854166666666667,0.0061281821797931485
N002476,N005891,different,0.10975609756097561,0.10416666666666667,0.005589430894308939
N004988,N009224,different,0.1382059800664452,0.10677083333333333,0.03143514673311186
N001677,N011151,different,0.13058186738836267,0.11197916666666667,0.018602700721695994
N006731,N006732,same,0.8990654205607477,0.8932291666666666,0.005836253894081045
N002200,N009548,different,0.11722331368696791,0.12760416666666666,0.010380852979698749
N001873,N001874,same,0.9325842696629213,0.90625,0.026334269662921295
N006820,N010293,different,0.22282023681377824,0.25,0.027179763186221756
N004096,N007060,different,0.27988614800759015,0.2942708333333333,0.014384685325743163
N003135,N003543,different,0.24570273003033366,0.2526041666666667,0.006901436636333025
N006564,N007387,different,0.19121447028423771,0.1875,0.003714470284237714
N004906,N008027,different,0.24807692307692308,0.24739583333333334,0.0006810897435897412
N000145,N007083,different,0.10909090909090909,0.0859375,0.023153409090909086
N008087,N008088,same,0.3354908306364617,0.2916666666666667,0.043824163969794994
N007153,N007701,different,0.3650927487352445,0.375,0.009907251264755501
N010825,N010826,same,0.644918444165621,0.609375,0.03554344416562105
N006905,N006906,same,0.9822866344605475,0.9869791666666666,0.004692532206119093
N001863,N002786,different,0.12583668005354753,0.12239583333333333,0.003440846720214205
N001735,N005403,different,0.3199214916584887,0.3463541666666667,0.026432675008177975
N009982,N009985,same,0.2090837901331245,0.16145833333333334,0.04762545679979116
N008801,N011616,different,0.2028688524590164,0.20052083333333334,0.002348019125683054
N003201,N011795,different,0.35932944606413997,0.375,0.015670553935860032
N009040,N010335,different,0.09785202863961814,0.0859375,0.011914528639618144
N000276,N000278,same,0.27864214992927866,0.3125,0.03385785007072134
N001338,N001340,same,0.9664536741214057,0.9609375,0.005516174121405704
N011118,N011119,same,0.8803301237964236,0.8776041666666666,0.002725957129756984
N000768,N000770,same,0.6614509246088194,0.6484375,0.01301342460881938
N001515,N006807,different,0.19735599622285174,0.19270833333333334,0.0046476628895184
N009100,N009150,different,0.19038461538461537,0.18229166666666666,0.008092948717948717
N000437,N010413,different,0.1146051712089448,0.09635416666666667,0.018251004542278126
N008497,N008498,same,0.5684556407447974,0.5989583333333334,0.030502692588535996
N007145,N007146,same,0.5333333333333333,0.5182291666666666,0.015104166666666696
N007053,N010560,different,0.2975486052409129,0.328125,0.030576394759087078
N008280,N010910,different,0.2009950248756219,0.1953125,0.005682524875621903
N001364,N001365,same,0.9332298136645962,0.9505208333333334,0.01729101966873714
N001075,N009237,different,0.3926174496644295,0.4244791666666667,0.031861717002237167
N003268,N007976,different,0.40863309352517985,0.4557291666666667,0.04709607314148684
N004168,N004169,same,0.6666666666666666,0.6953125,0.02864583333333337
N003317,N011369,different,0.17476635514018693,0.15104166666666666,0.023724688473520272
N002748,N011595,different,0.3349609375,0.3333333333333333,0.0016276041666666852
N000873,N002331,different,0.10371650821089023,0.08072916666666667,0.022987341544223563
N009379,N009380,same,0.9779179810725552,0.9765625,0.0013554810725552313
N007382,N009541,different,0.1262135922330097,0.140625,0.014411407766990292
N006828,N011568,different,0.1245819397993311,0.1171875,0.007394439799331104
N005210,N009890,different,0.17995444191343962,0.18229166666666666,0.002337224753227035
N009046,N010077,different,0.3049645390070922,0.3151041666666667,0.01013962765957449
N000659,N006306,different,0.11432813659985153,0.10677083333333333,0.007557303266518198
N005472,N007849,different,0.12616487455197134,0.12760416666666666,0.0014392921146953175
N007681,N009555,different,0.36071987480438183,0.3723958333333333,0.01167595852895148
N007201,N010116,different,0.20209059233449478,0.20052083333333334,0.001569759001161436
N002665,N004599,different,0.11670020120724346,0.125,0.008299798792756538
N007557,N008376,different,0.35996771589991927,0.3619791666666667,0.0020114507667474135
N000189,N001381,different,0.1941941941941942,0.21354166666666666,0.019347472472472454
N004220,N007941,different,0.3201793721973094,0.3098958333333333,0.010283538863976094
N002036,N008928,different,0.07540263543191801,0.06510416666666667,0.01029846876525134
N003662,N010020,different,0.19473684210526315,0.19270833333333334,0.00202850877192981
N004066,N006280,different,0.19036954087346025,0.20572916666666666,0.015359625793206405
N005647,N010086,different,0.1959531416400426,0.20572916666666666,0.009776025026624058
N002586,N006131,different,0.20436507936507936,0.24479166666666666,0.0404265873015873
N004043,N004969,different,0.0842654735272185,0.078125,0.0061404735272184985
N010853,N010857,same,0.7506142506142506,0.7239583333333334,0.026655917280917207
N000202,N007774,different,0.24489795918367346,0.24479166666666666,0.00010629251700680631
N002852,N002853,same,0.5905511811023622,0.59375,0.003198818897637845
N008049,N010976,different,0.18335343787696018,0.19270833333333334,0.009354895456373163
N010028,N010039,different,0.3333333333333333,0.3098958333333333,0.0234375
N004028,N010035,different,0.19946091644204852,0.21354166666666666,0.014080750224618133
N001702,N010946,different,0.13983050847457626,0.125,0.01483050847457626
N008791,N008803,different,0.3793103448275862,0.3489583333333333,0.030352011494252873
N000684,N004640,different,0.22285174693106705,0.19791666666666666,0.02493508026440039
N011929,N011930,same,0.3801801801801802,0.3541666666666667,0.026013513513513498
N003860,N004075,different,0.3190854870775348,0.3515625,0.03247701292246519
N003884,N007431,different,0.10274963820549927,0.09114583333333333,0.011603804872165946
N002204,N007953,different,0.16557017543859648,0.17447916666666666,0.008908991228070179
N005664,N005666,same,0.7929759704251387,0.8125,0.019524029574861324
N003982,N006359,different,0.3504132231404959,0.3515625,0.0011492768595041114
N002817,N002819,same,0.2578288100208768,0.2682291666666667,0.010400356645789866
N002626,N002629,same,0.5319662243667069,0.5364583333333334,0.00449210896662644
N000262,N002156,different,0.3612852664576803,0.3515625,0.009722766457680276
N000131,N003422,different,0.40736949846468784,0.4010416666666667,0.006327831798021155
N000852,N010531,different,0.09644194756554307,0.08854166666666667,0.0079002808988764
N003659,N005484,different,0.12173913043478261,0.1328125,0.011073369565217386
N001115,N009773,different,0.43190661478599224,0.453125,0.021218385214007762
N010941,N010942,same,0.9493670886075949,0.9322916666666666,0.01707542194092826
N008101,N008840,different,0.17832167832167833,0.16927083333333334,0.009050844988344992
N005983,N009546,different,0.4146772767462423,0.421875,0.007197723253757726
N001180,N006053,different,0.30844444444444447,0.3255208333333333,0.01707638888888885
N004248,N005277,different,0.1471264367816092,0.18489583333333334,0.03776939655172415
N006025,N010086,different,0.1913632514817951,0.1953125,0.003949248518204912
N002970,N007570,different,0.3889908256880734,0.3619791666666667,0.02701165902140673
N002439,N007343,different,0.3269035532994924,0.3229166666666667,0.0039868866328257035
N001488,N005914,different,0.21405750798722045,0.234375,0.020317492012779548
N001624,N006762,different,0.11528150134048257,0.109375,0.005906501340482567
N004870,N006313,different,0.24545454545454545,0.25,0.004545454545454547
N011017,N011020,same,0.5581920903954802,0.5729166666666666,0.014724576271186396
N002389,N002391,same,0.575192096597146,0.578125,0.0029329034028540146
N000672,N002056,different,0.10357142857142858,0.09895833333333333,0.0046130952380952495
N003476,N004605,different,0.22291666666666668,0.21614583333333334,0.006770833333333337
N008022,N010492,different,0.36712095400340716,0.4036458333333333,0.03652487932992615
N009775,N009854,different,0.07016129032258064,0.07552083333333333,0.005359543010752685
N001443,N010092,different,0.29831932773109243,0.2864583333333333,0.011860994397759117
N008152,N008153,same,0.9633251833740831,0.96875,0.005424816625916873
N004151,N009894,different,0.10865051903114187,0.10416666666666667,0.0044838523644751965
N009151,N011771,different,0.4052993130520118,0.390625,0.014674313052011778
N004672,N008166,different,0.4641544117647059,0.4661458333333333,0.001991421568627416
N005081,N007027,different,0.18117854001759015,0.19270833333333334,0.011529793315743192
N002173,N008545,different,0.20683287165281625,0.1953125,0.011520371652816247
N003781,N003783,same,0.9282371294851794,0.9322916666666666,0.004054537181487183
N002084,N007552,different,0.21279373368146215,0.23177083333333334,0.018977099651871193
N004001,N004002,same,0.46846846846846846,0.5052083333333334,0.03673986486486491
N009163,N009439,different,0.17166416791604197,0.16666666666666666,0.0049975012493753135
N002426,N003338,different,0.11958041958041958,0.11458333333333333,0.004997086247086252
N006423,N006425,same,0.9662921348314607,0.9791666666666666,0.012874531835205927
N007876,N009829,different,0.4310064935064935,0.4505208333333333,0.01951433982683981
N007687,N009311,different,0.36731107205623903,0.3776041666666667,0.010293094610427655
N001746,N002955,different,0.07962328767123288,0.059895833333333336,0.01972745433789954
N008284,N008285,same,0.6030612244897959,0.6197916666666666,0.016730442176870697
N001309,N011869,different,0.09463148316651501,0.10416666666666667,0.009535183500151659
N002589,N004081,different,0.11451612903225807,0.11458333333333333,6.72043010752632e-05
N005300,N006349,different,0.400196656833825,0.4036458333333333,0.003449176499508322
N009455,N009456,same,0.5677339901477833,0.5703125,0.0025785098522167482
N004081,N010560,different,0.12895752895752896,0.13802083333333334,0.009063304375804382
N004306,N004307,same,0.9730941704035875,0.9791666666666666,0.006072496263079152
N000884,N011090,different,0.31649484536082473,0.3177083333333333,0.0012134879725085868
N000010,N003634,different,0.10844200411805079,0.10416666666666667,0.004275337451384115
N002225,N011649,different,0.19815195071868583,0.1875,0.010651950718685826
N001484,N003224,different,0.09112519809825674,0.078125,0.01300019809825674
N008411,N008412,same,0.36926147704590817,0.3932291666666667,0.023967689620758514
N006804,N010502,different,0.15614886731391586,0.22395833333333334,0.06780946601941748
N009437,N010826,different,0.3293795620437956,0.3541666666666667,0.024787104622871092
N000335,N007009,different,0.25068870523415976,0.2526041666666667,0.0019154614325069264
N002857,N005654,different,0.3247422680412371,0.3229166666666667,0.0018256013745704402
N000078,N007325,different,0.22010869565217392,0.22395833333333334,0.0038496376811594235
N000864,N005773,different,0.18385214007782102,0.171875,0.011977140077821025
N007718,N008135,different,0.30525437864887406,0.3072916666666667,0.0020372880177926267
N006976,N010778,different,0.351451973194341,0.3645833333333333,0.013131360138992298
N002774,N011414,different,0.20585048754062837,0.20833333333333334,0.0024828457927049685
N004762,N010111,different,0.40985130111524165,0.4140625,0.004211198884758349
N003908,N003909,same,0.2292929292929293,0.25,0.0207070707070707
N000664,N000666,same,0.40914709517923364,0.4140625,0.004915404820766356
N004323,N009954,different,0.18536009445100354,0.18489583333333334,0.0004642611176702005
N010390,N011580,different,0.10576923076923077,0.06770833333333333,0.03806089743589744
N004880,N004881,same,0.9330484330484331,0.9088541666666666,0.02419426638176647
N000818,N006620,different,0.13406408094435077,0.13802083333333334,0.003956752388982576
N001043,N002862,different,0.22560429722470904,0.23958333333333334,0.013979036108624304
N000640,N011658,different,0.1317008603573792,0.11197916666666667,0.01972169369071254
N008018,N008676,different,0.08196721311475409,0.09375,0.011782786885245908
N002685,N002686,same,0.4891611687087653,0.4713541666666667,0.01780700204209862
N000449,N010133,different,0.19014891179839633,0.16927083333333334,0.020878078465062982
N004683,N007002,different,0.12380952380952381,0.11979166666666667,0.0040178571428571425
N010844,N011602,different,0.20945945945945946,0.23177083333333334,0.022311373873873885
N002440,N002443,same,0.31993299832495814,0.3697916666666667,0.049858668341708545
N001357,N003372,different,0.18711385701676964,0.16666666666666666,0.02044719035010298
N010856,N010857,same,0.6835138387484958,0.6588541666666666,0.024659672081829176
N005262,N005263,same,0.3064159292035398,0.296875,0.009540929203539827
N000070,N004969,different,0.40397350993377484,0.4270833333333333,0.02310982339955847
N003615,N009126,different,0.3707865168539326,0.4036458333333333,0.03285931647940071
N003236,N006862,different,0.1080574640849469,0.09114583333333333,0.016911630751613574
N001257,N005818,different,0.11585807385952208,0.11197916666666667,0.003878907192855413
N001027,N005073,different,0.19148936170212766,0.20833333333333334,0.016843971631205684
N002169,N011831,different,0.2025183630640084,0.1953125,0.007205863064008389
N002691,N005271,different,0.1184407796101949,0.10416666666666667,0.014274112943528233
N005141,N007639,different,0.18530020703933747,0.20572916666666666,0.020428959627329185
N000675,N005669,different,0.341425215348473,0.3463541666666667,0.004928951318193708
N005337,N011060,different,0.07733333333333334,0.0703125,0.007020833333333337
N001699,N004758,different,0.11626344086021505,0.1171875,0.0009240591397849524
N007012,N009759,different,0.11544585987261147,0.11197916666666667,0.003466693205944796
N004855,N004856,same,0.6316831683168317,0.6458333333333334,0.014150165016501681
N010491,N010492,same,0.6770929162833487,0.6223958333333334,0.0546970829500153
N003270,N006319,different,0.09255242227042661,0.09375,0.001197577729573393
N003144,N011859,different,0.3488372093023256,0.3671875,0.01835029069767441
N000889,N000890,same,0.6259765625,0.6302083333333334,0.00423177083333337
N001432,N001435,same,0.6950959488272921,0.7057291666666666,0.010633217839374542
N008926,N010073,different,0.1220472440944882,0.09375,0.028297244094488194
N006903,N010093,different,0.14014895057549087,0.1328125,0.0073364505754908715
N000486,N000487,same,0.9723991507430998,0.984375,0.011975849256900206
N006198,N007366,different,0.11163522012578617,0.13020833333333334,0.018573113207547176
N004084,N004085,same,0.704225352112676,0.7369791666666666,0.03275381455399062
N007902,N007976,different,0.4217939214232765,0.4505208333333333,0.02872691191005683
N002019,N002021,same,0.4990974729241877,0.4895833333333333,0.009514139590854398
N008725,N008728,same,0.629245283018868,0.625,0.004245283018867951
N001957,N001958,same,0.9769911504424779,0.984375,0.0073838495575221375
N005497,N008336,different,0.09733840304182509,0.11197916666666667,0.014640763624841582
N009301,N009302,same,0.9527027027027027,0.9427083333333334,0.009994369369369371
N008499,N008952,different,0.24645892351274787,0.2864583333333333,0.039999409820585446
N002300,N003674,different,0.12384996461429583,0.12760416666666666,0.003754202052370828
N009680,N011001,different,0.07981580966999233,0.0703125,0.009503309669992327
N005556,N006568,different,0.0911854103343465,0.09635416666666667,0.005168756332320168
N003574,N007121,different,0.1776923076923077,0.20572916666666666,0.028036858974358952
N004353,N004355,same,0.5910064239828694,0.6015625,0.0105560760171306
N004438,N004442,same,0.7637540453074434,0.7369791666666666,0.026774878640776767
N004678,N004680,same,0.8588957055214724,0.8671875,0.00829179447852757
N000056,N009414,different,0.076980014803849,0.08072916666666667,0.0037491518628176707
N005365,N009764,different,0.21897163120567376,0.22395833333333334,0.004986702127659587
N002248,N003503,different,0.20933165195460277,0.21614583333333334,0.006814181378730577
N010508,N010509,same,0.31767955801104975,0.3203125,0.0026329419889502548
N001817,N007306,different,0.09936575052854123,0.09635416666666667,0.003011583861874556
N003274,N007023,different,0.3271555197421434,0.34375,0.016594480257856592
N005079,N005080,same,0.33774834437086093,0.3255208333333333,0.012227511037527616
N000591,N011538,different,0.1151560178306092,0.12239583333333333,0.007239815502724123
N009925,N010387,different,0.11596505162827642,0.10416666666666667,0.011798384961609745
N001053,N002186,different,0.22641509433962265,0.21875,0.007665094339622647
N008562,N009324,different,0.3426001635322976,0.3723958333333333,0.029795669801035707
N000250,N003051,different,0.10746685275645498,0.09635416666666667,0.011112686089788312
N001525,N001678,different,0.34724540901502504,0.359375,0.012129590984974958
N008599,N008602,same,0.5221238938053098,0.53125,0.009126106194690231
N003942,N010918,different,0.19169329073482427,0.18489583333333334,0.006797457401490931
N002513,N007637,different,0.3698630136986301,0.390625,0.020761986301369884
N009703,N009705,same,0.5205479452054794,0.5390625,0.018514554794520577
N004315,N009584,different,0.3396029258098224,0.3515625,0.011959574190177624
N010620,N010621,same,0.934876989869754,0.9244791666666666,0.010397823203087353
N008248,N008249,same,0.3514056224899598,0.3515625,0.00015687751004017647
N005222,N005225,same,0.3649956024626209,0.3385416666666667,0.02645393579595423
N002502,N002505,same,0.9281524926686217,0.9296875,0.0015350073313783463
N006200,N006201,same,0.39317953861584753,0.3776041666666667,0.01557537194918085
N000217,N002582,different,0.15344938749194068,0.15885416666666666,0.005404779174725982
N001207,N004094,different,0.21122994652406418,0.2265625,0.015332553475935817
N005453,N010471,different,0.20205799812909261,0.1953125,0.006745498129092614
N001063,N005024,different,0.2299168975069252,0.21614583333333334,0.013771064173591863
N000697,N005493,different,0.07472712006717044,0.07291666666666667,0.0018104534005037726
N003555,N009272,different,0.0864,0.09114583333333333,0.004745833333333324
N005393,N007391,different,0.1892430278884462,0.20833333333333334,0.01909030544488713
N006121,N009928,different,0.3430599369085173,0.3515625,0.008502563091482673
N004229,N006064,different,0.08319604612850082,0.08072916666666667,0.0024668794618341455
N003265,N010005,different,0.24119241192411925,0.2604166666666667,0.019224254742547436
N007303,N007376,different,0.09387755102040816,0.0703125,0.023565051020408165
N005512,N007327,different,0.2528334786399303,0.265625,0.012791521360069724
N009065,N011122,different,0.09099350046425256,0.08072916666666667,0.010264333797585887
N001376,N001377,same,0.39734422880490294,0.3645833333333333,0.03276089547156963
N000357,N000359,same,0.7019790454016298,0.6744791666666666,0.02749987873496318
N008677,N011938,different,0.22406639004149378,0.24479166666666666,0.020725276625172873
N002197,N002198,same,0.49801849405548215,0.4791666666666667,0.018851827388815467
N001905,N005873,different,0.3779322328410078,0.3854166666666667,0.007484433825658887
N007497,N007499,same,0.6237006237006237,0.6223958333333334,0.001304790367290365
N007334,N007335,same,0.922272047832586,0.9166666666666666,0.005605381165919354
N002570,N005618,different,0.11472011057360056,0.13020833333333334,0.015488222759732787
N001074,N002707,different,0.1111864406779661,0.11197916666666667,0.0007927259887005739
N003691,N004544,different,0.08171861836562763,0.07291666666666667,0.00880195169896096
N003415,N008452,different,0.36979591836734693,0.3697916666666667,4.251700680246717e-06
N011716,N011717,same,0.9690140845070423,0.9635416666666666,0.005472417840375665
N001083,N011985,different,0.2424969987995198,0.265625,0.023128001200480197
N011499,N011500,same,0.9955257270693513,1.0,0.004474272930648726
N004212,N009766,different,0.3323375653472741,0.3489583333333333,0.016620767986059215
N002974,N006457,different,0.15256410256410258,0.13802083333333334,0.014543269230769235
N003854,N003855,same,0.6447204968944099,0.6041666666666666,0.04055383022774328
N005378,N005379,same,0.9452229299363057,0.9375,0.007722929936305745
N011829,N011830,same,0.9512195121951219,0.9557291666666666,0.004509654471544722
N005326,N006145,different,0.1875637104994903,0.16666666666666666,0.020897043832823647
N006145,N006146,same,0.5562347188264058,0.5755208333333334,0.01928611450692752
N002008,N003498,different,0.23185265438786565,0.22135416666666666,0.01049848772119899
N010513,N010514,same,0.9345238095238095,0.9296875,0.004836309523809534
N000443,N006009,different,0.08549874266554904,0.09114583333333333,0.005647090667784294
N000043,N000050,same,0.981994459833795,0.9791666666666666,0.002827793167128334
N008967,N008968,same,0.2653333333333333,0.2708333333333333,0.005500000000000005
N002801,N002802,same,0.5983350676378772,0.5911458333333334,0.007189234304543879
N000119,N009303,different,0.07358953393295176,0.0625,0.011089533932951756
N002058,N002059,same,0.954954954954955,0.953125,0.001829954954954971
N001325,N009136,different,0.17717003567181927,0.1875,0.01032996432818073
N003642,N009092,different,0.18223760092272204,0.1875,0.005262399077277963
N004298,N004299,same,0.9673405909797823,0.9427083333333334,0.02463225764644894
N007729,N007732,same,0.9657657657657658,0.96875,0.0029842342342342176
N007652,N008774,different,0.4291497975708502,0.4609375,0.0317877024291498
N000834,N001578,different,0.10785619174434088,0.09375,0.014106191744340885
N002673,N009844,different,0.33657587548638135,0.3489583333333333,0.012382457846951966
N003008,N009152,different,0.1863041289023162,0.1796875,0.006616628902316207
N001326,N001328,same,0.5924617196702002,0.5911458333333334,0.001315886336866856
N009445,N009562,different,0.5065934065934066,0.5104166666666666,0.0038232600732600597
N005985,N009162,different,0.12181303116147309,0.12760416666666666,0.00579113550519357
N004071,N004072,same,0.9765765765765766,0.9869791666666666,0.010402590090090036
N000384,N002019,different,0.0962800875273523,0.109375,0.013094912472647699
N003494,N003495,same,0.20041536863966772,0.20833333333333334,0.007917964693665624
N005806,N011786,different,0.14528462192013594,0.13541666666666666,0.009867955253469285
N011420,N011984,different,0.36217948717948717,0.3802083333333333,0.018028846153846145
N006646,N009384,different,0.08820882088208822,0.09895833333333333,0.010749512451245113
N002639,N002640,same,0.9372197309417041,0.9114583333333334,0.025761397608370706
N006541,N009386,different,0.3390010626992561,0.3541666666666667,0.015165603967410568
N006760,N008055,different,0.3858447488584475,0.3880208333333333,0.00217608447488582
N001785,N004629,different,0.3466915191053122,0.3723958333333333,0.025704314228021108
N000741,N000745,same,0.925,0.9322916666666666,0.007291666666666585
N008186,N009304,different,0.12330623306233063,0.14583333333333334,0.022527100271002715
N001323,N006364,different,0.19576719576719576,0.21354166666666666,0.0177744708994709
N003863,N010008,different,0.1255539143279173,0.12239583333333333,0.0031580809945839644
N000058,N000184,different,0.3803307223672759,0.4348958333333333,0.05456511096605743
N000412,N004657,different,0.1335593220338983,0.125,0.008559322033898309
N000926,N003644,different,0.4040574809805579,0.453125,0.04906751901944212
N004369,N008199,different,0.23671947809878843,0.19010416666666666,0.046615311432121775
N003450,N006996,different,0.1618075801749271,0.1640625,0.002254919825072893
N004410,N006730,different,0.10084033613445378,0.08333333333333333,0.017507002801120455
N006041,N011988,different,0.10436270316509838,0.10416666666666667,0.00019603649843170923
N004913,N010317,different,0.2316849816849817,0.2552083333333333,0.02352335164835162
N007995,N007997,same,0.6069057104913679,0.6015625,0.005343210491367878
N001334,N006274,different,0.12342007434944238,0.13802083333333334,0.01460075898389096
N004939,N011284,different,0.08243451463790447,0.0703125,0.012122014637904466
N005634,N006584,different,0.19083969465648856,0.19791666666666666,0.007076972010178095
N003301,N003302,same,0.5970654627539503,0.5963541666666666,0.0007112960872837082
N002267,N010375,different,0.20502645502645503,0.1953125,0.009713955026455029
N003158,N007300,different,0.16962962962962963,0.16927083333333334,0.0003587962962962876
N002085,N007988,different,0.20388349514563106,0.18229166666666666,0.021591828478964403
N001118,N001120,same,0.9428934010152284,0.9322916666666666,0.01060173434856182
N000030,N006079,different,0.214123006833713,0.23958333333333334,0.02546032649962035
N005137,N009628,different,0.208803611738149,0.203125,0.0056786117381489865
N004055,N008225,different,0.09141494435612083,0.1015625,0.010147555643879175
N001879,N004065,different,0.130879345603272,0.11458333333333333,0.016296012269938667
N000486,N011101,different,0.23803967327887982,0.2760416666666667,0.03800199338778687
N007430,N010330,different,0.3967741935483871,0.3958333333333333,0.0009408602150537959
N006041,N009700,different,0.3621301775147929,0.375,0.012869822485207127
N000297,N003849,different,0.11526946107784432,0.10416666666666667,0.011102794411177647
N003611,N007188,different,0.19517543859649122,0.22395833333333334,0.02878289473684212
N009978,N009979,same,0.4592445328031809,0.4661458333333333,0.006901300530152421
N001022,N001023,same,0.6304118268215417,0.6041666666666666,0.026245160154875102
N001629,N005005,different,0.15637860082304528,0.15364583333333334,0.0027327674897119347
N002923,N007247,different,0.11882605583392986,0.1328125,0.013986444166070144
N003164,N009587,different,0.12752858399296393,0.125,0.002528583992963934
N006832,N010598,different,0.1471550032701112,0.13802083333333334,0.009134169936777847
N006511,N006512,same,0.6310380267214799,0.6145833333333334,0.016454693388146535
N002304,N009060,different,0.09375,0.07291666666666667,0.02083333333333333
N002106,N006701,different,0.22254901960784312,0.21875,0.0037990196078431238
N006856,N006857,same,0.6272727272727273,0.6328125,0.005539772727272685
N003821,N009085,different,0.4268041237113402,0.4375,0.010695876288659811
N004522,N009816,different,0.455026455026455,0.4609375,0.005911044973544999
N008514,N008515,same,0.43777777777777777,0.4739583333333333,0.03618055555555555
N008382,N009718,different,0.0830945558739255,0.059895833333333336,0.023198722540592166
N005805,N011332,different,0.406496062992126,0.4010416666666667,0.005454396325459299
N004216,N004699,different,0.203579418344519,0.18229166666666666,0.02128775167785235
N001432,N008873,different,0.3312252964426877,0.3697916666666667,0.03856637022397896
N002149,N003382,different,0.08014911463187326,0.09114583333333333,0.010996718701460073
N004731,N009345,different,0.3355408388520971,0.359375,0.023834161147902877
N002163,N002307,different,0.31194151096669376,0.3385416666666667,0.026600155699972927
N002952,N008752,different,0.23059360730593606,0.22395833333333334,0.006635273972602718
N000745,N005843,different,0.19285714285714287,0.20833333333333334,0.015476190476190477
N005260,N011019,different,0.07398373983739838,0.0625,0.01148373983739838
N002299,N009882,different,0.08808290155440414,0.07552083333333333,0.01256206822107081
N002171,N005867,different,0.14612676056338028,0.171875,0.02574823943661972
N005334,N007457,different,0.20728008088978767,0.21614583333333334,0.008865752443545677
N005304,N005305,same,0.8866242038216561,0.875,0.011624203821656076
N005134,N005135,same,0.6097318768619663,0.6015625,0.008169376861966282
N000982,N005390,different,0.2252922422954304,0.2604166666666667,0.03512442437123628
N002992,N009046,different,0.35857267188859876,0.3489583333333333,0.009614338555265445
N000628,N000633,same,0.3333333333333333,0.3359375,0.002604166666666685
N000573,N006170,different,0.10406091370558376,0.11197916666666667,0.007918252961082908
N010406,N010408,same,0.9776119402985075,0.9739583333333334,0.0036536069651741387
N002446,N002447,same,0.6553133514986376,0.6432291666666666,0.012084184831970934
N000735,N001335,different,0.382032667876588,0.3854166666666667,0.0033839987900786683
N008238,N011480,different,0.33168805528134254,0.3125,0.019188055281342542
N000321,N000443,different,0.08364661654135339,0.08072916666666667,0.0029174498746867145
N007541,N007546,same,0.2976313079299691,0.3151041666666667,0.017472858736697572
N002683,N007848,different,0.09120788824979457,0.078125,0.013082888249794575
N009983,N009985,same,0.25332068311195444,0.20833333333333334,0.044987349778621094
N007568,N007570,same,0.42424242424242425,0.421875,0.002367424242424254
N005448,N005962,different,0.20883054892601433,0.234375,0.025544451073985674
N004767,N004768,same,0.9004329004329005,0.8958333333333334,0.004599567099567103
N007023,N007916,different,0.3330702446724546,0.3125,0.020570244672454607
N000315,N000316,same,0.5470383275261324,0.5833333333333334,0.03629500580720102
N001578,N002947,different,0.12775616083009078,0.109375,0.01838116083009078
N009857,N010711,different,0.22608695652173913,0.234375,0.00828804347826087
N002290,N003634,different,0.37913299044819987,0.4010416666666667,0.021908676218466816
N011438,N011440,same,0.6671035386631717,0.6692708333333334,0.0021672946701616347
N010035,N011646,different,0.22802197802197802,0.2552083333333333,0.027186355311355298
N001295,N001296,same,0.6604527296937417,0.6666666666666666,0.006213936972924938
N005825,N010265,different,0.20545073375262055,0.2109375,0.005486766247379454
N002351,N005508,different,0.3617363344051447,0.3671875,0.005451165594855312
N011075,N011077,same,0.9341935483870968,0.9375,0.003306451612903216
N011335,N011336,same,0.4023109243697479,0.3854166666666667,0.016894257703081228
N000514,N011152,different,0.3470817120622568,0.34375,0.0033317120622567975
N010762,N010766,same,0.9219858156028369,0.9114583333333334,0.010527482269503508
N001314,N003288,different,0.3825065274151436,0.3776041666666667,0.004902360748476942
N001403,N001405,same,0.21847930702598653,0.2109375,0.00754180702598653
N010389,N010391,same,0.8616071428571429,0.8723958333333334,0.010788690476190466
N001258,N001261,same,0.9384835479256081,0.9505208333333334,0.012037285407725307
N003574,N011053,different,0.3339622641509434,0.2994791666666667,0.03448309748427669
N001484,N005371,different,0.29260182876142976,0.28125,0.01135182876142976
N005426,N005427,same,0.9186046511627907,0.9140625,0.004542151162790664
N008443,N010211,different,0.1276595744680851,0.11979166666666667,0.007867907801418425
N005517,N011613,different,0.08318098720292505,0.078125,0.00505598720292505
N005828,N010514,different,0.08676789587852494,0.041666666666666664,0.04510122921185828
N011154,N011156,same,0.6539923954372624,0.6380208333333334,0.015971562103929027
N002595,N003310,different,0.17681498829039813,0.19791666666666666,0.02110167837626853
N008630,N011336,different,0.4435483870967742,0.4635416666666667,0.019993279569892497
N004951,N008794,different,0.29866888519134777,0.2708333333333333,0.02783555185801445
N000391,N004186,different,0.3363028953229399,0.3697916666666667,0.0334887713437268
N000166,N008677,different,0.20342396777442096,0.24479166666666666,0.0413676988922457
N009154,N011317,different,0.22455403987408185,0.2604166666666667,0.03586262679258484
N002589,N009612,different,0.32831001076426264,0.3255208333333333,0.002789177430929324
N008268,N009916,different,0.32545454545454544,0.3125,0.01295454545454544
N002316,N002317,same,0.49601063829787234,0.53125,0.03523936170212766
N006596,N011033,different,0.1201885310290652,0.14322916666666666,0.02304063563760146
N010106,N010107,same,0.3879120879120879,0.3723958333333333,0.015516254578754607
N008409,N008410,same,0.9426934097421203,0.9505208333333334,0.007827423591213023
N001937,N007430,different,0.3712737127371274,0.3541666666666667,0.017107046070460707
N000078,N006886,different,0.20266666666666666,0.1796875,0.02297916666666666
N010999,N011001,same,0.32802937576499386,0.3463541666666667,0.018324790901672827
N001357,N010788,different,0.20168067226890757,0.24739583333333334,0.045715161064425774
N000906,N011149,different,0.2484076433121019,0.2630208333333333,0.014613190021231404
N003435,N009318,different,0.2224231464737794,0.2526041666666667,0.030181020192887292
N002916,N004445,different,0.1953125,0.20052083333333334,0.005208333333333343
N003770,N011367,different,0.2438692098092643,0.2786458333333333,0.03477662352406902
N010980,N010981,same,0.6575729068673566,0.671875,0.014302093132643412
N005040,N005041,same,0.922365988909427,0.9192708333333334,0.0030951555760936333
N008937,N008938,same,0.22748815165876776,0.20833333333333334,0.01915481832543442
N002071,N006588,different,0.11220715166461159,0.1015625,0.010644651664611593
N010261,N011914,different,0.34375,0.3359375,0.0078125
N000670,N000671,same,0.9152798789712556,0.90625,0.009029878971255623
N000489,N007029,different,0.23224043715846995,0.24479166666666666,0.012551229508196704
N007633,N010942,different,0.17100371747211895,0.16927083333333334,0.001732884138785612
N005243,N006569,different,0.10232158211521926,0.09895833333333333,0.0033632487818859302
N001083,N001567,different,0.1926006528835691,0.20833333333333334,0.015732680449764253
N000282,N006591,different,0.20679012345679013,0.22135416666666666,0.014564043209876532
N003362,N003364,same,0.9781818181818182,0.9661458333333334,0.012035984848484782
N005927,N008816,different,0.3916827852998066,0.4088541666666667,0.017171381366860083
N001289,N001291,same,0.2601410934744268,0.2604166666666667,0.0002755731922398641
N005231,N005232,same,0.9401088929219601,0.9583333333333334,0.018224440411373277
N003835,N003837,same,0.7358870967741935,0.7317708333333334,0.004116263440860135
N004167,N005115,different,0.3877338877338877,0.4192708333333333,0.03153694559944559
N002040,N003281,different,0.2037914691943128,0.22916666666666666,0.025375197472353866
N002605,N010853,different,0.3581081081081081,0.3723958333333333,0.0142877252252252
N011139,N011793,different,0.1210149642160052,0.09114583333333333,0.029869130882671874
N001458,N002506,different,0.1832579185520362,0.1796875,0.0035704185520361864
N007148,N011853,different,0.41452205882352944,0.3958333333333333,0.018688725490196123
N001791,N008583,different,0.3253128007699711,0.3645833333333333,0.039270532563362215
N008993,N008995,same,0.9135593220338983,0.921875,0.008315677966101664
N004043,N004218,different,0.2943969610636277,0.3020833333333333,0.007686372269705588
N011601,N011603,same,0.8963317384370016,0.9010416666666666,0.004709928229664984
N002945,N010292,different,0.15384615384615385,0.1640625,0.010216346153846145
N006385,N011130,different,0.3081510934393638,0.3463541666666667,0.038203073227302875
N006764,N009477,different,0.33043478260869563,0.3541666666666667,0.023731884057971053
N004409,N011892,different,0.17785977859778598,0.19010416666666666,0.012244388068880674
N000023,N002700,different,0.2906057945566286,0.3177083333333333,0.02710253877670471
N001669,N003264,different,0.2,0.2109375,0.010937499999999989
N002831,N008460,different,0.11342155009451796,0.12760416666666666,0.014182616572148699
N004184,N005163,different,0.1111111111111111,0.10416666666666667,0.006944444444444434
N009665,N011482,different,0.07381615598885793,0.057291666666666664,0.01652448932219127
N000340,N009553,different,0.083668543845535,0.07291666666666667,0.01075187717886833
N002043,N008828,different,0.1812015503875969,0.22135416666666666,0.04015261627906977
N003466,N003469,same,0.6008771929824561,0.5911458333333334,0.00973135964912275
N005064,N005067,same,0.6961620469083155,0.6848958333333334,0.011266213574982142
N000030,N007467,different,0.1965484180249281,0.203125,0.00657658197507191
N011900,N011901,same,0.5529225908372828,0.5416666666666666,0.01125592417061616
N006901,N008943,different,0.21421520236920039,0.21875,0.004534797630799614
N003415,N005750,different,0.11263972484952708,0.09895833333333333,0.013681391516193755
N005350,N005352,same,0.3625,0.359375,0.003124999999999989
N007614,N008823,different,0.1203155818540434,0.125,0.004684418145956604
N004333,N008255,different,0.19840566873339238,0.1796875,0.018718168733392382
N009495,N009521,different,0.1274438812454743,0.10416666666666667,0.023277214578807617
N006462,N006463,same,0.9363507779349364,0.90625,0.030100777934936374
N001629,N008262,different,0.2607003891050584,0.2421875,0.018512889105058383
N002516,N010795,different,0.22799295774647887,0.2708333333333333,0.04284037558685444
N006622,N006623,same,0.7529691211401425,0.7473958333333334,0.005573287806809102
N010081,N010082,same,0.669750231267345,0.6276041666666666,0.04214606460067838
N007560,N007561,same,0.6006637168141593,0.5963541666666666,0.00430955014749268
N005941,N006998,different,0.3982725527831094,0.40625,0.007977447216890587
N004062,N004438,different,0.18457943925233644,0.16666666666666666,0.017912772585669784
N000990,N002973,different,0.09588068181818182,0.09375,0.0021306818181818232
N008321,N008641,different,0.34025717111770526,0.3463541666666667,0.006096995548961426
N008561,N008562,same,0.6794871794871795,0.6640625,0.015424679487179516
N001360,N001361,same,0.951417004048583,0.9505208333333334,0.0008961707152496112
N008993,N008994,same,0.9581881533101045,0.9557291666666666,0.0024589866434379104
N005108,N005109,same,0.737417943107221,0.734375,0.0030429431072209745
N001983,N001984,same,0.5605442176870749,0.5911458333333334,0.030601615646258518
N006038,N009049,different,0.12142857142857143,0.1171875,0.004241071428571427
N001413,N007076,different,0.2020304568527919,0.20052083333333334,0.0015096235194585472
N005772,N005776,same,0.3068181818181818,0.3333333333333333,0.02651515151515149
N000237,N009075,different,0.36626506024096384,0.375,0.008734939759036164
N011043,N011048,same,0.2434108527131783,0.2109375,0.032473352713178305
N004742,N006981,different,0.19781420765027322,0.18229166666666666,0.015522540983606559
N004801,N004802,same,0.5560640732265446,0.5625,0.0064359267734553915
N003994,N003995,same,0.21367521367521367,0.1953125,0.018362713675213665
N000643,N009675,different,0.3831948291782087,0.3828125,0.0003823291782086846
N006086,N006087,same,0.9256756756756757,0.9140625,0.011613175675675658
N000266,N010102,different,0.24754901960784315,0.2578125,0.010263480392156854
N005028,N009701,different,0.23785166240409208,0.25,0.012148337595907915
N009670,N009671,same,0.94,0.96875,0.028750000000000053
N001005,N001804,different,0.3717605004468275,0.4036458333333333,0.0318853328865058
N005314,N010609,different,0.37988422575976843,0.3671875,0.012696725759768435
N000417,N000419,same,0.9350490196078431,0.9192708333333334,0.015778186274509776
N011041,N011048,same,0.22575640031031807,0.20052083333333334,0.02523556697698473
N000992,N001435,different,0.2048076923076923,0.20833333333333334,0.003525641025641041
N004107,N008166,different,0.1240086517664023,0.10416666666666667,0.01984198509973563
N002590,N002591,same,0.9221698113207547,0.9375,0.015330188679245293
N005119,N005121,same,0.662291169451074,0.6666666666666666,0.004375497215592605
N002826,N007185,different,0.08917197452229299,0.09635416666666667,0.007182192144373684
N009349,N009350,same,0.9259896729776248,0.9192708333333334,0.00671883964429143
N003121,N005007,different,0.10101010101010101,0.109375,0.008364898989898992
N002947,N003566,different,0.06864988558352403,0.07291666666666667,0.004266781083142643
N000485,N000488,same,0.8037383177570093,0.8072916666666666,0.0035533489096573057
N004349,N011691,different,0.37582236842105265,0.3984375,0.022615131578947345
N011281,N011282,same,0.7072625698324022,0.6875,0.01976256983240221
N003865,N009372,different,0.12316715542521994,0.125,0.001832844574780057
N001198,N010109,different,0.34129429892141755,0.375,0.03370570107858245
N011975,N011976,same,0.6441136671177267,0.6302083333333334,0.013905333784393292
N006419,N007183,different,0.08552631578947369,0.08854166666666667,0.003015350877192985
N010407,N010605,different,0.2069408740359897,0.19010416666666666,0.01683670736932305
N009079,N010570,different,0.419234360410831,0.4140625,0.0051718604108310084
N001415,N006560,different,0.3245214220601641,0.34375,0.0192285779398359
N001653,N001654,same,0.6342780026990553,0.6302083333333334,0.004069669365721951
N003355,N003823,different,0.08856345885634588,0.08072916666666667,0.00783429218967921
N000355,N005276,different,0.31689497716894977,0.3255208333333333,0.00862585616438355
N007573,N007574,same,0.381151832460733,0.3619791666666667,0.01917266579406629
N007999,N008002,same,0.9449225473321858,0.921875,0.023047547332185836
N007057,N010814,different,0.07261724659606657,0.046875,0.025742246596066568
N000264,N009708,different,0.21621621621621623,0.2578125,0.04159628378378377
N008825,N008828,same,0.5602409638554217,0.5677083333333334,0.007467369477911712
N001284,N006893,different,0.15446650124069478,0.1796875,0.025220998759305224
N011033,N011035,same,0.9484536082474226,0.953125,0.0046713917525773585
N004348,N004349,same,0.459837019790454,0.4348958333333333,0.02494118645712068
N004177,N010930,different,0.1819021237303786,0.1796875,0.00221462373037859
N003845,N003847,same,0.6434426229508197,0.640625,0.002817622950819665
N004106,N004107,same,0.24424778761061947,0.23697916666666666,0.007268620943952808
N007911,N009413,different,0.19771863117870722,0.19010416666666666,0.007614464512040564
N001010,N001011,same,0.31152073732718893,0.3385416666666667,0.02702092933947775
N009213,N010572,different,0.1309408341416101,0.1171875,0.01375333414161009
N006364,N006366,same,0.24552429667519182,0.24479166666666666,0.0007326300085251647
N001447,N003703,different,0.18334985133795836,0.18229166666666666,0.0010581846712917065
N009727,N010185,different,0.12132822477650064,0.11197916666666667,0.009349058109833969
N000605,N002652,different,0.16591251885369532,0.15625,0.009662518853695318
N004016,N004017,same,0.2163677130044843,0.20052083333333334,0.01584687967115095
N010689,N011576,different,0.10785824345146379,0.1015625,0.0062957434514637894
N001733,N001734,same,0.7242152466367713,0.703125,0.02109024663677128
N004845,N007461,different,0.11422564821303434,0.11197916666666667,0.002246481546367668
N010880,N010881,same,0.8137128072445019,0.7942708333333334,0.01944197391116853
N000498,N001176,different,0.2137862137862138,0.21875,0.004963786213786209
N001285,N003729,different,0.12157534246575342,0.11197916666666667,0.009596175799086754
N006173,N008196,different,0.21017907634307256,0.21354166666666666,0.0033625903235940946
N008110,N009707,different,0.37448559670781895,0.375,0.0005144032921810537
N007193,N010619,different,0.42094240837696334,0.3828125,0.03812990837696334
N000561,N003679,different,0.3860062893081761,0.3984375,0.012431210691823902
N003026,N003027,same,0.6213333333333333,0.5755208333333334,0.04581249999999992
N004552,N004553,same,0.7147102526002972,0.7213541666666666,0.0066439140663694385
N007647,N009169,different,0.38468720821662,0.4010416666666667,0.016354458450046683
N005744,N010823,different,0.3336448598130841,0.3359375,0.002292640186915884
N001880,N002772,different,0.11612426035502958,0.1171875,0.001063239644970418
N003351,N006982,different,0.13029045643153528,0.1171875,0.013102956431535279
N006591,N011935,different,0.26937618147448017,0.3307291666666667,0.061352985192186515
N008482,N010584,different,0.2011173184357542,0.20572916666666666,0.0046118482309124575
N005814,N006544,different,0.09236363636363637,0.09114583333333333,0.0012178030303030413
N006622,N006638,different,0.09956709956709957,0.09114583333333333,0.00842126623376624
N008603,N010598,different,0.12324723247232472,0.11458333333333333,0.00866389913899139
N000753,N000755,same,0.8880407124681934,0.8880208333333334,1.987913486001247e-05
N006153,N009437,different,0.3652924256951103,0.3671875,0.0018950743048897212
N002548,N010207,different,0.37004754358161646,0.3723958333333333,0.002348289751716859
N004026,N010431,different,0.2094188376753507,0.2265625,0.01714366232464931
N000339,N002440,different,0.195852534562212,0.18229166666666666,0.013560867895545337
N000964,N008611,different,0.3203266787658802,0.328125,0.007798321234119776
N001833,N004195,different,0.3540315106580167,0.3489583333333333,0.005073177324683376
N001282,N004950,different,0.08916728076639646,0.078125,0.011042280766396462
N000030,N009868,different,0.19384615384615383,0.18229166666666666,0.011554487179487177
N001010,N004708,different,0.4009216589861751,0.3802083333333333,0.020713325652841785
N000566,N008517,different,0.1288265306122449,0.12239583333333333,0.00643069727891156
N011092,N011095,same,0.7057057057057057,0.6953125,0.010393205705705677
N001983,N009014,different,0.17894736842105263,0.23697916666666666,0.058031798245614025
N005044,N005045,same,0.9352380952380952,0.9166666666666666,0.018571428571428572
N003201,N003203,same,1.0,1.0,0.0
N000238,N001915,different,0.2319721980886186,0.20572916666666666,0.026243031421951946
N000461,N004754,different,0.4434876210979548,0.4713541666666667,0.027866545568711876
N000135,N010890,different,0.10127591706539076,0.09635416666666667,0.004921750398724084
N011414,N011759,different,0.2170439414114514,0.21875,0.001706058588548609
N003751,N007825,different,0.15260545905707196,0.13541666666666666,0.0171887923904053
N006774,N009531,different,0.43524699599465955,0.4557291666666667,0.02048217067200714
N000516,N006620,different,0.16666666666666666,0.17708333333333334,0.010416666666666685
N004325,N004949,different,0.21800947867298578,0.21354166666666666,0.004467812006319127
N000557,N004353,different,0.18044354838709678,0.18229166666666666,0.001848118279569877
N000286,N008208,different,0.400974025974026,0.4114583333333333,0.010484307359307332
N002691,N010535,different,0.4270557029177719,0.4557291666666667,0.02867346374889479
N000490,N006570,different,0.3246753246753247,0.3697916666666667,0.04511634199134201
N005692,N009368,different,0.09243697478991597,0.08854166666666667,0.0038953081232492998
N006324,N006325,same,0.6014492753623188,0.5807291666666666,0.020720108695652217
N004951,N011682,different,0.3507521773555028,0.3645833333333333,0.013831155977830523
N010982,N010985,same,0.6571125265392781,0.6770833333333334,0.019970806794055274
N009834,N009835,same,0.5618479880774963,0.5,0.06184798807749625
N003500,N003501,same,0.6730523627075351,0.6848958333333334,0.01184347062579827
N010499,N011269,different,0.07827476038338659,0.078125,0.00014976038338658515
N005257,N010502,different,0.1089238845144357,0.12239583333333333,0.013471948818897628
N003920,N006487,different,0.15201900237529692,0.1484375,0.003581502375296919
N011834,N011835,same,0.9122085048010974,0.875,0.037208504801097386
N004364,N007454,different,0.12928501469147893,0.10677083333333333,0.022514181358145605
N004158,N008744,different,0.21451787648970747,0.17447916666666666,0.04003870982304081
N005771,N006045,different,0.08852755194218609,0.07552083333333333,0.01300671860885276
N001865,N011525,different,0.22065727699530516,0.23697916666666666,0.0163218896713615
N001362,N001363,same,0.23084291187739464,0.22395833333333334,0.006884578544061298
N009863,N009866,same,0.3139269406392694,0.2994791666666667,0.014447773972602718
N000175,N002508,different,0.2515391380826737,0.2838541666666667,0.03231502858399299
N006545,N006546,same,0.7348484848484849,0.7447916666666666,0.009943181818181768
N000215,N005986,different,0.3798165137614679,0.3411458333333333,0.038670680428134596
N004433,N011613,different,0.10410764872521247,0.1015625,0.0025451487252124705
N000064,N010912,different,0.08595988538681948,0.07552083333333333,0.01043905205348615
N008572,N009975,different,0.17592592592592593,0.18229166666666666,0.006365740740740727
N000431,N001948,different,0.1263823064770932,0.12760416666666666,0.0012218601895734593
N002598,N004139,different,0.2055063913470993,0.2109375,0.005431108652900696
N007063,N007064,same,0.6944444444444444,0.6380208333333334,0.05642361111111105
N008238,N008239,same,0.6670687575392038,0.671875,0.004806242460796195
N000518,N009485,different,0.06800348735832606,0.06510416666666667,0.0028993206916593933
N003093,N003735,different,0.09792709077912795,0.09114583333333333,0.006781257445794622
N001977,N007620,different,0.10620689655172413,0.109375,0.0031681034482758663
N009205,N009208,same,0.4215581643543223,0.4270833333333333,0.005525168979011008
N003317,N010218,different,0.17259414225941422,0.18229166666666666,0.00969752440725244
N006112,N006266,different,0.12566641279512566,0.1328125,0.007146087204874335
N003208,N003758,different,0.1346562721474132,0.14322916666666666,0.008572894519253471
N008188,N008190,same,0.9552529182879378,0.9401041666666666,0.015148751621271161
N003051,N011987,different,0.10119465917076599,0.10677083333333333,0.005576174162567338
N001446,N004867,different,0.1362126245847176,0.16145833333333334,0.02524570874861573
N000895,N009304,different,0.39339019189765456,0.3984375,0.005047308102345438
N000161,N010769,different,0.08076358296622614,0.0703125,0.010451082966226141
N003327,N003328,same,0.6439393939393939,0.6197916666666666,0.024147727272727293
N008176,N010603,different,0.12076455256298871,0.11458333333333333,0.00618121922965538
N001633,N001634,same,0.3152,0.359375,0.04417500000000002
N004001,N007546,different,0.46320346320346323,0.4348958333333333,0.028307629870129913
N000937,N000938,same,0.5232419547079857,0.5208333333333334,0.0024086213746523644
N008048,N008050,same,0.9363905325443787,0.921875,0.014515532544378651
N004328,N008917,different,0.20887728459530025,0.18229166666666666,0.026585617928633593
N004757,N008828,different,0.20403825717321997,0.2109375,0.006899242826780033
N005397,N005398,same,0.29524886877828055,0.2760416666666667,0.019207202111613864
N001291,N007292,different,0.20512820512820512,0.19791666666666666,0.007211538461538464
N007205,N007207,same,1.0,1.0,0.0
N002229,N011361,different,0.4151898734177215,0.4244791666666667,0.009289293248945174
N005375,N005716,different,0.1214017521902378,0.10677083333333333,0.01463091885690447
N002758,N002818,different,0.19748858447488585,0.20833333333333334,0.010844748858447495
N009564,N011151,different,0.38652482269503546,0.3333333333333333,0.05319148936170215
N008487,N008488,same,0.9781144781144782,0.9869791666666666,0.008864688552188471
N007856,N007858,same,0.6553191489361702,0.6380208333333334,0.01729831560283679
N000647,N001025,different,0.10724431818181818,0.09375,0.013494318181818177
N003489,N010336,different,0.19053254437869824,0.18489583333333334,0.005636711045364895
N000327,N009318,different,0.2058165548098434,0.23697916666666666,0.031162611856823258
N005431,N006150,different,0.12207602339181287,0.14322916666666666,0.021153143274853792
N002684,N004549,different,0.11256354393609296,0.13020833333333334,0.017644789397240387
N005744,N007062,different,0.08868501529051988,0.10677083333333333,0.01808581804281345
N004248,N011184,different,0.19506172839506172,0.2265625,0.03150077160493828
N003020,N003021,same,0.4300100704934542,0.4166666666666667,0.013343403826787503
N000160,N003947,different,0.22792022792022792,0.2421875,0.014267272079772075
N006712,N008335,different,0.21177802944507362,0.2552083333333333,0.04343030388825969
N000843,N005365,different,0.16761768901569188,0.17708333333333334,0.009465644317641464
N011628,N011629,same,0.2802547770700637,0.22916666666666666,0.05108811040339703
N000026,N011332,different,0.4215686274509804,0.4114583333333333,0.010110294117647078
N003058,N009240,different,0.16878612716763006,0.16666666666666666,0.0021194605009633993
N000396,N000397,same,0.32608695652173914,0.3463541666666667,0.02026721014492755
N006146,N006401,different,0.11875843454790823,0.1171875,0.0015709345479082287
N007004,N011967,different,0.2141982864137087,0.23177083333333334,0.01757254691962465
N002229,N002230,same,0.41578947368421054,0.4114583333333333,0.004331140350877227
N002088,N011862,different,0.312133072407045,0.3307291666666667,0.018596094259621665
N004709,N004711,same,0.9273356401384083,0.9270833333333334,0.0002523068050749311
N001940,N002621,different,0.12727272727272726,0.14583333333333334,0.018560606060606083
N004803,N004804,same,0.915057915057915,0.9036458333333334,0.011412081724581635
N003748,N011207,different,0.09041309431021044,0.109375,0.01896190568978956
N001623,N010411,different,0.08243130724396336,0.06510416666666667,0.017327140577296687
N002821,N007053,different,0.32894736842105265,0.328125,0.000822368421052655
N001977,N006802,different,0.4202266782911944,0.4817708333333333,0.06154415504213889
N000993,N011320,different,0.22580645161290322,0.22916666666666666,0.003360215053763438
N008784,N011076,different,0.385837193911317,0.4322916666666667,0.046454472755349696
N001137,N005072,different,0.14458804523424879,0.15625,0.011661954765751215
N007487,N007491,same,0.46802721088435373,0.4973958333333333,0.029368622448979587
N002401,N005487,different,0.20630081300813008,0.22916666666666666,0.022865853658536578
N001101,N002086,different,0.135423197492163,0.11979166666666667,0.01563153082549633
N004655,N010935,different,0.40769835035349566,0.4114583333333333,0.0037599829798376505
N004085,N004086,same,0.9448275862068966,0.9296875,0.015140086206896552
N003125,N003127,same,0.9216255442670537,0.9296875,0.008061955732946324
N001101,N001666,different,0.13034482758620689,0.13802083333333334,0.0076760057471264576
N001141,N001142,same,0.2526041666666667,0.2630208333333333,0.01041666666666663
N006480,N008863,different,0.08440170940170941,0.09635416666666667,0.011952457264957264
N000817,N011666,different,0.35872235872235875,0.3854166666666667,0.026694307944307938
N000219,N003185,different,0.19866920152091255,0.1953125,0.003356701520912553
N001988,N006863,different,0.12007332722273144,0.1328125,0.012739172777268562
N009478,N009479,same,0.6366197183098592,0.6041666666666666,0.032453051643192565
N001784,N005288,different,0.10499576629974598,0.09114583333333333,0.013849932966412654
N001436,N002155,different,0.07614213197969544,0.0703125,0.005829631979695438
N006423,N011777,different,0.20108695652173914,0.20833333333333334,0.007246376811594207
N006565,N006569,same,0.2983947119924457,0.2942708333333333,0.004123878659112401
N003427,N006396,different,0.2247596153846154,0.25,0.02524038461538461
N009745,N009848,different,0.3728301886792453,0.3671875,0.005642688679245278
N002762,N002765,same,0.5826494724501758,0.5703125,0.012336972450175843
N000065,N000124,different,0.1270175438596491,0.1015625,0.025455043859649112
N001140,N008945,different,0.1522903033908388,0.15104166666666666,0.0012486367241721363
N002973,N002974,same,0.7302904564315352,0.7057291666666666,0.0245612897648686
N006774,N006775,same,0.3316412859560068,0.3385416666666667,0.0069003807106599035
N011429,N011433,same,0.607,0.6588541666666666,0.051854166666666646
N009822,N009823,same,0.3010033444816054,0.28125,0.019753344481605373
N009371,N009372,same,0.6417322834645669,0.6588541666666666,0.01712188320209973
N001006,N009138,different,0.22933333333333333,0.2421875,0.012854166666666667
N000723,N009281,different,0.11050102951269733,0.09635416666666667,0.014146862846030658
N000259,N003124,different,0.222318339100346,0.2421875,0.019869160899653987
N002544,N002792,different,0.4007220216606498,0.4348958333333333,0.03417381167268352
N002931,N008664,different,0.24193548387096775,0.23958333333333334,0.0023521505376344065
N000990,N002132,different,0.33753148614609574,0.3307291666666667,0.006802319479429053
N005946,N007449,different,0.13595166163141995,0.10677083333333333,0.029180828298086617
N004307,N010960,different,0.19797525309336333,0.19010416666666666,0.007871086426696677
N005835,N008645,different,0.4312306101344364,0.4479166666666667,0.016686056532230265
N001422,N004687,different,0.2548476454293629,0.28125,0.02640235457063711
N007233,N007728,different,0.08155767817781043,0.07291666666666667,0.008641011511143756
N009592,N009782,different,0.22788461538461538,0.23177083333333334,0.0038862179487179627
N011533,N011534,same,0.5591748099891423,0.59375,0.03457519001085774
N005300,N005301,same,0.9428223844282239,0.9375,0.005322384428223859
N005855,N007938,different,0.18828828828828828,0.1796875,0.00860078828828828
N007921,N007922,same,0.5573770491803278,0.5130208333333334,0.04435621584699445
N001521,N006976,different,0.33203125,0.3463541666666667,0.014322916666666685
N000725,N008406,different,0.3575510204081633,0.3671875,0.009636479591836722
N004174,N006820,different,0.19601040763226366,0.23697916666666666,0.040968759034403
N000607,N004665,different,0.2,0.21354166666666666,0.013541666666666646
N003228,N006079,different,0.20043336944745396,0.20572916666666666,0.0052957972192126945
N010506,N010507,same,0.5483490566037735,0.5572916666666666,0.008942610062893097
N010699,N010700,same,0.5982532751091703,0.5963541666666666,0.0018991084425036275
N001185,N004181,different,0.28066914498141265,0.2916666666666667,0.01099752168525403
N005027,N005028,same,0.9584055459272097,0.9739583333333334,0.015552787406123647
N001758,N009092,different,0.15267175572519084,0.18489583333333334,0.0322240776081425
N002928,N003582,different,0.09480337078651685,0.10677083333333333,0.01196746254681648
N003050,N008741,different,0.40222428174235403,0.40625,0.004025718257645972
N004158,N011487,different,0.18819599109131402,0.17447916666666666,0.013716824424647361
N000139,N007621,different,0.18622174381054898,0.20833333333333334,0.02211158952278436
N007036,N007038,same,0.3448275862068966,0.3776041666666667,0.03277658045977011
N002201,N002648,different,0.18155339805825244,0.15885416666666666,0.022699231391585778
N000003,N000843,different,0.4120734908136483,0.3958333333333333,0.016240157480314987
N007190,N008966,different,0.21651785714285715,0.23958333333333334,0.023065476190476192
N010033,N010034,same,0.96,0.9505208333333334,0.009479166666666594
N005989,N005990,same,0.6045548654244306,0.6171875,0.012632634575569401
N002242,N004023,different,0.19494584837545126,0.1796875,0.015258348375451258
N000443,N004578,different,0.07654836464857341,0.07291666666666667,0.0036316979819067396
N005743,N005744,same,0.39167556029882605,0.3619791666666667,0.029696393632159368
N003903,N006662,different,0.10835214446952596,0.10677083333333333,0.0015813111361926285
N011033,N011036,same,0.5548172757475083,0.5859375,0.031120224252491724
N006643,N006644,same,0.3488372093023256,0.3177083333333333,0.031128875968992276
N003720,N006775,different,0.2016348773841962,0.1953125,0.006322377384196193
N003418,N007053,different,0.1809672386895476,0.18489583333333334,0.003928594643785754
N003804,N005139,different,0.10762711864406779,0.1015625,0.006064618644067793
N002540,N007668,different,0.10278207109737249,0.09895833333333333,0.003823737764039159
N008366,N008369,same,0.948905109489051,0.9453125,0.0035926094890510463
N010742,N010743,same,0.5395858708891595,0.5442708333333334,0.004684962444173824
N004746,N004760,different,0.22432859399684044,0.24479166666666666,0.02046307266982622
N007368,N009303,different,0.33364928909952607,0.3203125,0.01333678909952607
N007396,N007397,same,0.9565217391304348,0.953125,0.0033967391304348116
N001143,N009969,different,0.3008356545961003,0.2864583333333333,0.014377321262766973
N002468,N002469,same,0.9312762973352033,0.9505208333333334,0.01924453599813003
N007220,N011663,different,0.1592,0.15364583333333334,0.005554166666666666
N005926,N007181,different,0.1943866943866944,0.19791666666666666,0.00352997227997226
N003437,N005168,different,0.07663690476190477,0.0625,0.014136904761904767
N000355,N000372,different,0.13410483321987746,0.12239583333333333,0.011708999886544127
N010682,N010683,same,0.9433249370277078,0.9296875,0.01363743702770781
N004567,N008956,different,0.22664015904572565,0.265625,0.03898484095427435
N008093,N008094,same,0.4348404255319149,0.4036458333333333,0.03119459219858156
N004447,N004449,same,0.3826429980276134,0.4166666666666667,0.03402366863905326
N001475,N004007,different,0.13515115589804386,0.109375,0.025776155898043857
N001138,N009030,different,0.11360123647604328,0.11197916666666667,0.0016220698093766112
N004140,N010723,different,0.3452685421994885,0.3776041666666667,0.03233562446717819
N007477,N007828,different,0.37761069340016706,0.3697916666666667,0.007819026733500378
N008284,N009896,different,0.1698880976602238,0.17708333333333334,0.007195235673109535
N006759,N008551,different,0.14442700156985872,0.14583333333333334,0.0014063317634746275
N004856,N010634,different,0.35525260625501204,0.359375,0.004122393744987962
N003022,N010880,different,0.11528150134048257,0.08333333333333333,0.03194816800714924
N001271,N001372,different,0.18921892189218922,0.20052083333333334,0.011301911441144119
N002952,N006725,different,0.21734985700667303,0.1796875,0.03766235700667303
N009630,N010560,different,0.3105175292153589,0.3515625,0.04104497078464109
N002342,N008733,different,0.1269276393831554,0.13541666666666666,0.008489027283511252
N002631,N007528,different,0.14962962962962964,0.17447916666666666,0.024849537037037017
N002957,N003701,different,0.1425959780621572,0.10677083333333333,0.03582514472882388
N011515,N011516,same,0.4614499424626007,0.4557291666666667,0.005720775795933997
N004013,N005436,different,0.10759493670886076,0.109375,0.0017800632911392361
N010144,N010145,same,0.9516129032258065,0.9583333333333334,0.006720430107526876
N004509,N004511,same,0.7272727272727273,0.71875,0.008522727272727293
N003868,N011674,different,0.22031823745410037,0.203125,0.01719323745410037
N008357,N009838,different,0.1836734693877551,0.20572916666666666,0.022055697278911546
N005241,N005242,same,0.9253996447602132,0.9244791666666666,0.0009204780935465617
N008230,N009234,different,0.08959537572254335,0.06770833333333333,0.02188704238921002
N000666,N000923,different,0.08404009252120277,0.08072916666666667,0.003310925854536101
N003267,N005780,different,0.20893970893970895,0.22135416666666666,0.012414457726957706
N001044,N001720,different,0.12089447938504543,0.12760416666666666,0.006709687281621232
N011522,N011523,same,0.6583229036295369,0.6223958333333334,0.03592707029620357
N009330,N010526,different,0.21287642782969884,0.171875,0.041001427829698844
N003319,N008808,different,0.3795379537953795,0.4322916666666667,0.05275371287128716
N006178,N006182,same,0.4117647058823529,0.421875,0.010110294117647078
N002814,N005953,different,0.18030513176144244,0.1953125,0.015007368238557556
N007615,N007616,same,0.7354211663066955,0.7239583333333334,0.011462832973362147
N007876,N007877,same,0.4744094488188976,0.4427083333333333,0.03170111548556431
N004729,N004730,same,0.5521936459909228,0.5182291666666666,0.03396447932425617
N005862,N006116,different,0.4254843517138599,0.390625,0.0348593517138599
N000562,N005787,different,0.09746109746109746,0.12239583333333333,0.024934735872235866
N007575,N009140,different,0.08051529790660225,0.07552083333333333,0.0049944645732689225
N011000,N011001,same,0.3132387706855792,0.34375,0.030511229314420796
N006167,N009175,different,0.2102510460251046,0.20833333333333334,0.0019177126917712672
N004662,N009916,different,0.12998405103668262,0.13802083333333334,0.008036782296650724
N010431,N010432,same,0.9476268412438625,0.9557291666666666,0.00810232542280409
N001509,N001510,same,0.6245210727969349,0.6197916666666666,0.004729406130268288
N000737,N002287,different,0.17568850902184235,0.16666666666666666,0.009021842355175697
N001764,N001765,same,0.59366391184573,0.5885416666666666,0.005122245179063345
N004877,N006275,different,0.23365300784655624,0.23958333333333334,0.005930325486777105
N002351,N006165,different,0.30455868089233756,0.296875,0.007683680892337563
N009140,N009547,different,0.3684603886397608,0.375,0.0065396113602391726
N007104,N007105,same,0.950920245398773,0.9583333333333334,0.007413087934560414
N000463,N000465,same,0.7262443438914027,0.7213541666666666,0.004890177224736059
N001124,N011201,different,0.19257773319959878,0.1953125,0.002734766800401217
N004151,N010614,different,0.439453125,0.4427083333333333,0.003255208333333315
N003957,N007645,different,0.18926553672316385,0.18229166666666666,0.006973870056497189
N003941,N009735,different,0.12159329140461216,0.13020833333333334,0.008615041928721187
N000647,N008088,different,0.08688656476267095,0.0703125,0.016574064762670954
N002017,N005475,different,0.35968992248062015,0.3645833333333333,0.004893410852713165
N000323,N006510,different,0.22588235294117648,0.2421875,0.01630514705882352
N008539,N008542,same,0.38309549945115257,0.4296875,0.046592000548847434
N002578,N006004,different,0.42630597014925375,0.4453125,0.019006529850746245
N001918,N002086,different,0.14129810453762207,0.13802083333333334,0.003277271204288723
N002507,N002508,same,0.930939226519337,0.9479166666666666,0.016977440147329603
N001934,N011090,different,0.301464254952627,0.3229166666666667,0.021452411714039665
N004269,N011588,different,0.21052631578947367,0.234375,0.023848684210526327
N005629,N006728,different,0.13030116779348494,0.12760416666666666,0.0026970011268182825
N008009,N008010,same,0.3681434599156118,0.3333333333333333,0.0348101265822785
N009840,N009841,same,0.39457831325301207,0.3671875,0.02739081325301207
