notice_id_a,notice_id_b,label,true_similarity,retrieved,candidate_count,similarity_bin
N010018,N010020,same,0.22327790973871733,False,38,"[0.2, 0.3)"
N007876,N008565,different,0.14226437462951985,False,18,"[0.1, 0.2)"
N005451,N005452,same,0.30393700787401573,False,0,"[0.3, 0.4)"
N008464,N010231,different,0.08016877637130802,False,0,"[0.0, 0.1)"
N000420,N001104,different,0.21575757575757576,False,2,"[0.2, 0.3)"
N004781,N005219,different,0.1953125,False,0,"[0.1, 0.2)"
N007021,N010547,different,0.3037249283667622,False,126,"[0.3, 0.4)"
N004413,N008734,different,0.090283091048202,False,19,"[0.0, 0.1)"
N007783,N007784,same,0.27596439169139464,False,5,"[0.2, 0.3)"
N001104,N001107,same,0.29987293519695046,False,2,"[0.2, 0.3)"
N006958,N006959,same,0.4657676348547718,False,9,"[0.4, 0.5)"
N003107,N007431,different,0.3397497593840231,False,78,"[0.3, 0.4)"
N010497,N011446,different,0.4118705035971223,False,393,"[0.4, 0.5)"
N002561,N003545,different,0.08501683501683502,False,316,"[0.0, 0.1)"
N004217,N007965,different,0.3909426987060998,False,2,"[0.3, 0.4)"
N006099,N006100,same,0.608955223880597,False,1,"[0.6, 0.7)"
N009010,N009562,different,0.10054137664346481,False,74,"[0.1, 0.2)"
N005332,N005333,same,0.8864142538975501,True,5,"[0.8, 0.9)"
N008288,N010448,different,0.342769701606733,False,3,"[0.3, 0.4)"
N002391,N009409,different,0.10464259395725865,False,19,"[0.1, 0.2)"
N001001,N007428,different,0.14570685169124023,False,374,"[0.1, 0.2)"
N002919,N002920,same,0.9832689832689833,True,3,"[0.9, 1.01)"
N007223,N008301,different,0.22674418604651161,False,8,"[0.2, 0.3)"
N005352,N007867,different,0.10385259631490787,False,5,"[0.1, 0.2)"
N007893,N007894,same,0.931095406360424,True,2,"[0.9, 1.01)"
N002670,N007972,different,0.3520536462699078,False,3,"[0.3, 0.4)"
N006038,N008642,different,0.12264150943396226,False,0,"[0.1, 0.2)"
N004523,N007453,different,0.22637106184364061,False,0,"[0.2, 0.3)"
N006491,N010563,different,0.3981937602627258,False,132,"[0.3, 0.4)"
N002902,N010086,different,0.19658119658119658,False,3,"[0.1, 0.2)"
N001013,N003939,different,0.22428991185112634,False,3,"[0.2, 0.3)"
N002612,N004456,different,0.11706948640483383,False,8,"[0.1, 0.2)"
N003308,N005945,different,0.09263392857142858,False,8,"[0.0, 0.1)"
N002811,N007128,different,0.21108490566037735,False,0,"[0.2, 0.3)"
N007478,N011108,different,0.13304410701373826,False,22,"[0.1, 0.2)"
N001760,N001761,same,0.9564356435643564,True,1,"[0.9, 1.01)"
N004944,N009237,different,0.12702078521939955,False,21,"[0.1, 0.2)"
N008261,N008262,same,0.6127110228401191,False,25,"[0.6, 0.7)"
N003630,N009918,different,0.164021164021164,False,0,"[0.1, 0.2)"
N003948,N008608,different,0.09424083769633508,False,244,"[0.0, 0.1)"
N008997,N008998,same,0.5355450236966824,False,1,"[0.5, 0.6)"
N004789,N005917,different,0.2227314390467461,False,3,"[0.2, 0.3)"
N003672,N008071,different,0.4482758620689655,False,88,"[0.4, 0.5)"
N009235,N009236,same,0.43392070484581496,False,0,"[0.4, 0.5)"
N001817,N002597,different,0.38290293855743546,False,350,"[0.3, 0.4)"
N000985,N000986,same,0.21484814398200225,False,1,"[0.2, 0.3)"
N000993,N010660,different,0.19585492227979276,False,37,"[0.1, 0.2)"
N003269,N010318,different,0.24196428571428572,False,3,"[0.2, 0.3)"
N011750,N011966,different,0.21884200196270853,False,3,"[0.2, 0.3)"
N010357,N010360,same,0.9775967413441955,True,5,"[0.9, 1.01)"
N001163,N001165,same,0.963963963963964,True,1,"[0.9, 1.01)"
N011255,N011732,different,0.25301204819277107,False,0,"[0.2, 0.3)"
N007191,N011803,different,0.09849624060150376,False,85,"[0.0, 0.1)"
N003422,N008330,different,0.10510732790525537,False,415,"[0.1, 0.2)"
N004762,N011915,different,0.37445699391833187,False,42,"[0.3, 0.4)"
N006325,N006326,same,0.8560830860534124,True,8,"[0.8, 0.9)"
N003658,N003661,same,0.9563492063492064,True,2,"[0.9, 1.01)"
N010135,N010136,same,0.9802306425041186,True,1,"[0.9, 1.01)"
N003079,N011928,different,0.39072847682119205,False,47,"[0.3, 0.4)"
N000268,N009659,different,0.4808362369337979,False,174,"[0.4, 0.5)"
N001173,N001174,same,0.6185983827493261,False,1,"[0.6, 0.7)"
N004065,N007546,different,0.33714880332986474,False,4,"[0.3, 0.4)"
N000702,N007932,different,0.08437935843793584,False,2,"[0.0, 0.1)"
N009387,N009517,different,0.2125,False,3,"[0.2, 0.3)"
N000358,N007166,different,0.20224719101123595,False,2,"[0.2, 0.3)"
N007841,N011872,different,0.09887640449438202,False,258,"[0.0, 0.1)"
N000576,N000577,same,0.19479166666666667,False,52,"[0.1, 0.2)"
N003372,N008041,different,0.19982238010657194,False,0,"[0.1, 0.2)"
N006470,N009323,different,0.3857998289136014,False,73,"[0.3, 0.4)"
N001685,N001686,same,0.6404833836858006,True,95,"[0.6, 0.7)"
N002358,N005690,different,0.2187192118226601,False,0,"[0.2, 0.3)"
N002216,N002218,same,0.8641975308641975,True,15,"[0.8, 0.9)"
N003837,N007101,different,0.31993299832495814,False,6,"[0.3, 0.4)"
N008995,N010419,different,0.2130479102956167,False,2,"[0.2, 0.3)"
N001394,N003813,different,0.12021857923497267,False,29,"[0.1, 0.2)"
N003816,N009648,different,0.4149797570850202,False,139,"[0.4, 0.5)"
N000883,N003126,different,0.09569798068481124,False,93,"[0.0, 0.1)"
N010748,N011807,different,0.1994750656167979,False,0,"[0.1, 0.2)"
N006050,N007874,different,0.13000656598818122,False,89,"[0.1, 0.2)"
N011687,N011688,same,0.981549815498155,True,2,"[0.9, 1.01)"
N000036,N011140,different,0.1573907839616996,False,55,"[0.1, 0.2)"
N000051,N000052,same,0.948051948051948,True,1,"[0.9, 1.01)"
N001105,N007889,different,0.07413647851727043,False,39,"[0.0, 0.1)"
N004491,N004492,same,0.5326460481099656,False,1,"[0.5, 0.6)"
N004978,N009682,different,0.1393998063891578,False,24,"[0.1, 0.2)"
N008379,N008380,same,0.9316666666666666,True,2,"[0.9, 1.01)"
N001189,N011628,different,0.11423390752493201,False,1,"[0.1, 0.2)"
N000183,N001889,different,0.49176470588235294,False,263,"[0.4, 0.5)"
N006225,N006227,same,0.22401847575057737,False,49,"[0.2, 0.3)"
N002447,N007313,different,0.18085106382978725,False,1,"[0.1, 0.2)"
N005321,N005322,same,0.9280469897209985,True,4,"[0.9, 1.01)"
N004563,N004564,same,0.39532710280373834,False,18,"[0.3, 0.4)"
N001497,N001498,same,0.48555452003727867,False,36,"[0.4, 0.5)"
N002729,N008105,different,0.2131303520456708,False,0,"[0.2, 0.3)"
N000314,N008220,different,0.1585518102372035,False,427,"[0.1, 0.2)"
N001902,N009227,different,0.39800995024875624,False,1,"[0.3, 0.4)"
N001376,N009439,different,0.3347978910369069,True,29,"[0.3, 0.4)"
N003019,N009498,different,0.13851132686084142,False,42,"[0.1, 0.2)"
N003883,N004988,different,0.12106368089573127,False,89,"[0.1, 0.2)"
N004822,N007764,different,0.1676300578034682,False,23,"[0.1, 0.2)"
N000255,N007615,different,0.2907986111111111,False,2,"[0.2, 0.3)"
N005676,N011302,different,0.20606060606060606,False,2,"[0.2, 0.3)"
N003403,N007889,different,0.09466984884645982,False,450,"[0.0, 0.1)"
N002476,N005891,different,0.10975609756097561,False,248,"[0.1, 0.2)"
N004988,N009224,different,0.1382059800664452,False,15,"[0.1, 0.2)"
N001677,N011151,different,0.13058186738836267,False,21,"[0.1, 0.2)"
N006731,N006732,same,0.8990654205607477,True,1,"[0.8, 0.9)"
N002200,N009548,different,0.11722331368696791,False,12,"[0.1, 0.2)"
N001873,N001874,same,0.9325842696629213,True,1,"[0.9, 1.01)"
N006820,N010293,different,0.22282023681377824,False,0,"[0.2, 0.3)"
N004096,N007060,different,0.27988614800759015,False,2,"[0.2, 0.3)"
N003135,N003543,different,0.24570273003033366,False,1,"[0.2, 0.3)"
N006564,N007387,different,0.19121447028423771,False,0,"[0.1, 0.2)"
N004906,N008027,different,0.24807692307692308,False,5,"[0.2, 0.3)"
N000145,N007083,different,0.10909090909090909,False,6,"[0.1, 0.2)"
N008087,N008088,same,0.3354908306364617,False,70,"[0.3, 0.4)"
N007153,N007701,different,0.3650927487352445,False,456,"[0.3, 0.4)"
N010825,N010826,same,0.644918444165621,False,0,"[0.6, 0.7)"
N006905,N006906,same,0.9822866344605475,True,17,"[0.9, 1.01)"
N001863,N002786,different,0.12583668005354753,False,5,"[0.1, 0.2)"
N001735,N005403,different,0.3199214916584887,False,74,"[0.3, 0.4)"
N009982,N009985,same,0.2090837901331245,False,241,"[0.2, 0.3)"
N008801,N011616,different,0.2028688524590164,False,0,"[0.2, 0.3)"
N003201,N011795,different,0.35932944606413997,False,159,"[0.3, 0.4)"
N009040,N010335,different,0.09785202863961814,False,18,"[0.0, 0.1)"
N000276,N000278,same,0.27864214992927866,False,0,"[0.2, 0.3)"
N001338,N001340,same,0.9664536741214057,True,1,"[0.9, 1.01)"
N011118,N011119,same,0.8803301237964236,True,1,"[0.8, 0.9)"
N000768,N000770,same,0.6614509246088194,True,1,"[0.6, 0.7)"
N001515,N006807,different,0.19735599622285174,False,7,"[0.1, 0.2)"
N009100,N009150,different,0.19038461538461537,False,0,"[0.1, 0.2)"
N000437,N010413,different,0.1146051712089448,False,88,"[0.1, 0.2)"
N008497,N008498,same,0.5684556407447974,True,326,"[0.5, 0.6)"
N007145,N007146,same,0.5333333333333333,False,1,"[0.5, 0.6)"
N007053,N010560,different,0.2975486052409129,False,240,"[0.2, 0.3)"
N008280,N010910,different,0.2009950248756219,False,0,"[0.2, 0.3)"
N001364,N001365,same,0.9332298136645962,True,3,"[0.9, 1.01)"
N001075,N009237,different,0.3926174496644295,False,14,"[0.3, 0.4)"
N003268,N007976,different,0.40863309352517985,False,136,"[0.4, 0.5)"
N004168,N004169,same,0.6666666666666666,False,17,"[0.6, 0.7)"
N003317,N011369,different,0.17476635514018693,False,0,"[0.1, 0.2)"
N002748,N011595,different,0.3349609375,False,48,"[0.3, 0.4)"
N000873,N002331,different,0.10371650821089023,False,21,"[0.1, 0.2)"
N009379,N009380,same,0.9779179810725552,True,2,"[0.9, 1.01)"
N007382,N009541,different,0.1262135922330097,False,269,"[0.1, 0.2)"
N006828,N011568,different,0.1245819397993311,False,3,"[0.1, 0.2)"
N005210,N009890,different,0.17995444191343962,False,2,"[0.1, 0.2)"
N009046,N010077,different,0.3049645390070922,False,2,"[0.3, 0.4)"
N000659,N006306,different,0.11432813659985153,False,18,"[0.1, 0.2)"
N005472,N007849,different,0.12616487455197134,False,184,"[0.1, 0.2)"
N007681,N009555,different,0.36071987480438183,False,144,"[0.3, 0.4)"
N007201,N010116,different,0.20209059233449478,False,2,"[0.2, 0.3)"
N002665,N004599,different,0.11670020120724346,False,262,"[0.1, 0.2)"
N007557,N008376,different,0.35996771589991927,False,4,"[0.3, 0.4)"
N000189,N001381,different,0.1941941941941942,False,1,"[0.1, 0.2)"
N004220,N007941,different,0.3201793721973094,False,3,"[0.3, 0.4)"
N002036,N008928,different,0.07540263543191801,False,320,"[0.0, 0.1)"
N003662,N010020,different,0.19473684210526315,False,0,"[0.1, 0.2)"
N004066,N006280,different,0.19036954087346025,False,3,"[0.1, 0.2)"
N005647,N010086,different,0.1959531416400426,False,1,"[0.1, 0.2)"
N002586,N006131,different,0.20436507936507936,False,0,"[0.2, 0.3)"
N004043,N004969,different,0.0842654735272185,False,107,"[0.0, 0.1)"
N010853,N010857,same,0.7506142506142506,True,242,"[0.7, 0.8)"
N000202,N007774,different,0.24489795918367346,False,5,"[0.2, 0.3)"
N002852,N002853,same,0.5905511811023622,False,1,"[0.5, 0.6)"
N008049,N010976,different,0.18335343787696018,False,2,"[0.1, 0.2)"
N010028,N010039,different,0.3333333333333333,False,17,"[0.3, 0.4)"
N004028,N010035,different,0.19946091644204852,False,0,"[0.1, 0.2)"
N001702,N010946,different,0.13983050847457626,False,266,"[0.1, 0.2)"
N008791,N008803,different,0.3793103448275862,False,273,"[0.3, 0.4)"
N000684,N004640,different,0.22285174693106705,False,6,"[0.2, 0.3)"
N011929,N011930,same,0.3801801801801802,False,172,"[0.3, 0.4)"
N003860,N004075,different,0.3190854870775348,False,31,"[0.3, 0.4)"
N003884,N007431,different,0.10274963820549927,False,340,"[0.1, 0.2)"
N002204,N007953,different,0.16557017543859648,False,5,"[0.1, 0.2)"
N005664,N005666,same,0.7929759704251387,True,1,"[0.7, 0.8)"
N003982,N006359,different,0.3504132231404959,False,66,"[0.3, 0.4)"
N002817,N002819,same,0.2578288100208768,False,25,"[0.2, 0.3)"
N002626,N002629,same,0.5319662243667069,True,65,"[0.5, 0.6)"
N000262,N002156,different,0.3612852664576803,False,0,"[0.3, 0.4)"
N000131,N003422,different,0.40736949846468784,False,17,"[0.4, 0.5)"
N000852,N010531,different,0.09644194756554307,False,210,"[0.0, 0.1)"
N003659,N005484,different,0.12173913043478261,False,86,"[0.1, 0.2)"
N001115,N009773,different,0.43190661478599224,False,175,"[0.4, 0.5)"
N010941,N010942,same,0.9493670886075949,True,2,"[0.9, 1.01)"
N008101,N008840,different,0.17832167832167833,False,3,"[0.1, 0.2)"
N005983,N009546,different,0.4146772767462423,True,561,"[0.4, 0.5)"
N001180,N006053,different,0.30844444444444447,False,2,"[0.3, 0.4)"
N004248,N005277,different,0.1471264367816092,False,2,"[0.1, 0.2)"
N006025,N010086,different,0.1913632514817951,False,2,"[0.1, 0.2)"
N002970,N007570,different,0.3889908256880734,False,48,"[0.3, 0.4)"
N002439,N007343,different,0.3269035532994924,False,43,"[0.3, 0.4)"
N001488,N005914,different,0.21405750798722045,False,4,"[0.2, 0.3)"
N001624,N006762,different,0.11528150134048257,False,1,"[0.1, 0.2)"
N004870,N006313,different,0.24545454545454545,False,0,"[0.2, 0.3)"
N011017,N011020,same,0.5581920903954802,False,272,"[0.5, 0.6)"
N002389,N002391,same,0.575192096597146,False,6,"[0.5, 0.6)"
N000672,N002056,different,0.10357142857142858,False,47,"[0.1, 0.2)"
N003476,N004605,different,0.22291666666666668,False,1,"[0.2, 0.3)"
N008022,N010492,different,0.36712095400340716,False,420,"[0.3, 0.4)"
N009775,N009854,different,0.07016129032258064,False,17,"[0.0, 0.1)"
N001443,N010092,different,0.29831932773109243,False,240,"[0.2, 0.3)"
N008152,N008153,same,0.9633251833740831,True,1,"[0.9, 1.01)"
N004151,N009894,different,0.10865051903114187,False,166,"[0.1, 0.2)"
N009151,N011771,different,0.4052993130520118,False,283,"[0.4, 0.5)"
N004672,N008166,different,0.4641544117647059,False,160,"[0.4, 0.5)"
N005081,N007027,different,0.18117854001759015,False,4,"[0.1, 0.2)"
N002173,N008545,different,0.20683287165281625,False,4,"[0.2, 0.3)"
N003781,N003783,same,0.9282371294851794,True,4,"[0.9, 1.01)"
N002084,N007552,different,0.21279373368146215,False,1,"[0.2, 0.3)"
N004001,N004002,same,0.46846846846846846,False,10,"[0.4, 0.5)"
N009163,N009439,different,0.17166416791604197,False,2,"[0.1, 0.2)"
N002426,N003338,different,0.11958041958041958,False,44,"[0.1, 0.2)"
N006423,N006425,same,0.9662921348314607,True,2,"[0.9, 1.01)"
N007876,N009829,different,0.4310064935064935,False,18,"[0.4, 0.5)"
N007687,N009311,different,0.36731107205623903,False,57,"[0.3, 0.4)"
N001746,N002955,different,0.07962328767123288,False,17,"[0.0, 0.1)"
N008284,N008285,same,0.6030612244897959,False,1,"[0.6, 0.7)"
N001309,N011869,different,0.09463148316651501,False,28,"[0.0, 0.1)"
N002589,N004081,different,0.11451612903225807,False,92,"[0.1, 0.2)"
N005300,N006349,different,0.400196656833825,False,197,"[0.4, 0.5)"
N009455,N009456,same,0.5677339901477833,True,14,"[0.5, 0.6)"
N004081,N010560,different,0.12895752895752896,False,64,"[0.1, 0.2)"
N004306,N004307,same,0.9730941704035875,True,1,"[0.9, 1.01)"
N000884,N011090,different,0.31649484536082473,False,26,"[0.3, 0.4)"
N000010,N003634,different,0.10844200411805079,False,4,"[0.1, 0.2)"
N002225,N011649,different,0.19815195071868583,False,0,"[0.1, 0.2)"
N001484,N003224,different,0.09112519809825674,False,243,"[0.0, 0.1)"
N008411,N008412,same,0.36926147704590817,False,1,"[0.3, 0.4)"
N006804,N010502,different,0.15614886731391586,False,2,"[0.1, 0.2)"
N009437,N010826,different,0.3293795620437956,False,0,"[0.3, 0.4)"
N000335,N007009,different,0.25068870523415976,False,0,"[0.2, 0.3)"
N002857,N005654,different,0.3247422680412371,False,32,"[0.3, 0.4)"
N000078,N007325,different,0.22010869565217392,False,0,"[0.2, 0.3)"
N000864,N005773,different,0.18385214007782102,False,2,"[0.1, 0.2)"
N007718,N008135,different,0.30525437864887406,False,6,"[0.3, 0.4)"
N006976,N010778,different,0.351451973194341,False,7,"[0.3, 0.4)"
N002774,N011414,different,0.20585048754062837,False,2,"[0.2, 0.3)"
N004762,N010111,different,0.40985130111524165,False,42,"[0.4, 0.5)"
N003908,N003909,same,0.2292929292929293,False,3,"[0.2, 0.3)"
N000664,N000666,same,0.40914709517923364,False,1,"[0.4, 0.5)"
N004323,N009954,different,0.18536009445100354,False,0,"[0.1, 0.2)"
N010390,N011580,different,0.10576923076923077,False,94,"[0.1, 0.2)"
N004880,N004881,same,0.9330484330484331,True,1,"[0.9, 1.01)"
N000818,N006620,different,0.13406408094435077,False,3,"[0.1, 0.2)"
N001043,N002862,different,0.22560429722470904,False,4,"[0.2, 0.3)"
N000640,N011658,different,0.1317008603573792,False,347,"[0.1, 0.2)"
N008018,N008676,different,0.08196721311475409,False,192,"[0.0, 0.1)"
N002685,N002686,same,0.4891611687087653,True,26,"[0.4, 0.5)"
N000449,N010133,different,0.19014891179839633,False,3,"[0.1, 0.2)"
N004683,N007002,different,0.12380952380952381,False,4,"[0.1, 0.2)"
N010844,N011602,different,0.20945945945945946,False,0,"[0.2, 0.3)"
N002440,N002443,same,0.31993299832495814,True,2,"[0.3, 0.4)"
N001357,N003372,different,0.18711385701676964,False,2,"[0.1, 0.2)"
N010856,N010857,same,0.6835138387484958,True,3,"[0.6, 0.7)"
N005262,N005263,same,0.3064159292035398,False,12,"[0.3, 0.4)"
N000070,N004969,different,0.40397350993377484,False,6,"[0.4, 0.5)"
N003615,N009126,different,0.3707865168539326,False,4,"[0.3, 0.4)"
N003236,N006862,different,0.1080574640849469,False,2,"[0.1, 0.2)"
N001257,N005818,different,0.11585807385952208,False,432,"[0.1, 0.2)"
N001027,N005073,different,0.19148936170212766,False,1,"[0.1, 0.2)"
N002169,N011831,different,0.2025183630640084,False,5,"[0.2, 0.3)"
N002691,N005271,different,0.1184407796101949,False,272,"[0.1, 0.2)"
N005141,N007639,different,0.18530020703933747,False,0,"[0.1, 0.2)"
N000675,N005669,different,0.341425215348473,False,19,"[0.3, 0.4)"
N005337,N011060,different,0.07733333333333334,False,1,"[0.0, 0.1)"
N001699,N004758,different,0.11626344086021505,False,16,"[0.1, 0.2)"
N007012,N009759,different,0.11544585987261147,False,2,"[0.1, 0.2)"
N004855,N004856,same,0.6316831683168317,False,3,"[0.6, 0.7)"
N010491,N010492,same,0.6770929162833487,True,86,"[0.6, 0.7)"
N003270,N006319,different,0.09255242227042661,False,108,"[0.0, 0.1)"
N003144,N011859,different,0.3488372093023256,False,115,"[0.3, 0.4)"
N000889,N000890,same,0.6259765625,False,5,"[0.6, 0.7)"
N001432,N001435,same,0.6950959488272921,True,8,"[0.6, 0.7)"
N008926,N010073,different,0.1220472440944882,False,120,"[0.1, 0.2)"
N006903,N010093,different,0.14014895057549087,False,25,"[0.1, 0.2)"
N000486,N000487,same,0.9723991507430998,True,5,"[0.9, 1.01)"
N006198,N007366,different,0.11163522012578617,False,3,"[0.1, 0.2)"
N004084,N004085,same,0.704225352112676,True,4,"[0.7, 0.8)"
N007902,N007976,different,0.4217939214232765,True,32,"[0.4, 0.5)"
N002019,N002021,same,0.4990974729241877,False,12,"[0.4, 0.5)"
N008725,N008728,same,0.629245283018868,False,2,"[0.6, 0.7)"
N001957,N001958,same,0.9769911504424779,True,1,"[0.9, 1.01)"
N005497,N008336,different,0.09733840304182509,False,31,"[0.0, 0.1)"
N009301,N009302,same,0.9527027027027027,True,1,"[0.9, 1.01)"
N008499,N008952,different,0.24645892351274787,False,0,"[0.2, 0.3)"
N002300,N003674,different,0.12384996461429583,False,16,"[0.1, 0.2)"
N009680,N011001,different,0.07981580966999233,False,77,"[0.0, 0.1)"
N005556,N006568,different,0.0911854103343465,False,185,"[0.0, 0.1)"
N003574,N007121,different,0.1776923076923077,False,23,"[0.1, 0.2)"
N004353,N004355,same,0.5910064239828694,True,6,"[0.5, 0.6)"
N004438,N004442,same,0.7637540453074434,True,3,"[0.7, 0.8)"
N004678,N004680,same,0.8588957055214724,True,13,"[0.8, 0.9)"
N000056,N009414,different,0.076980014803849,False,1,"[0.0, 0.1)"
N005365,N009764,different,0.21897163120567376,False,0,"[0.2, 0.3)"
N002248,N003503,different,0.20933165195460277,False,1,"[0.2, 0.3)"
N010508,N010509,same,0.31767955801104975,False,0,"[0.3, 0.4)"
N001817,N007306,different,0.09936575052854123,False,350,"[0.0, 0.1)"
N003274,N007023,different,0.3271555197421434,False,32,"[0.3, 0.4)"
N005079,N005080,same,0.33774834437086093,False,215,"[0.3, 0.4)"
N000591,N011538,different,0.1151560178306092,False,239,"[0.1, 0.2)"
N009925,N010387,different,0.11596505162827642,False,6,"[0.1, 0.2)"
N001053,N002186,different,0.22641509433962265,False,3,"[0.2, 0.3)"
N008562,N009324,different,0.3426001635322976,False,7,"[0.3, 0.4)"
N000250,N003051,different,0.10746685275645498,False,65,"[0.1, 0.2)"
N001525,N001678,different,0.34724540901502504,False,3,"[0.3, 0.4)"
N008599,N008602,same,0.5221238938053098,False,46,"[0.5, 0.6)"
N003942,N010918,different,0.19169329073482427,False,5,"[0.1, 0.2)"
N002513,N007637,different,0.3698630136986301,False,176,"[0.3, 0.4)"
N009703,N009705,same,0.5205479452054794,False,81,"[0.5, 0.6)"
N004315,N009584,different,0.3396029258098224,False,1,"[0.3, 0.4)"
N010620,N010621,same,0.934876989869754,True,1,"[0.9, 1.01)"
N008248,N008249,same,0.3514056224899598,False,0,"[0.3, 0.4)"
N005222,N005225,same,0.3649956024626209,False,257,"[0.3, 0.4)"
N002502,N002505,same,0.9281524926686217,True,7,"[0.9, 1.01)"
N006200,N006201,same,0.39317953861584753,False,0,"[0.3, 0.4)"
N000217,N002582,different,0.15344938749194068,False,33,"[0.1, 0.2)"
N001207,N004094,different,0.21122994652406418,False,0,"[0.2, 0.3)"
N005453,N010471,different,0.20205799812909261,False,3,"[0.2, 0.3)"
N001063,N005024,different,0.2299168975069252,False,5,"[0.2, 0.3)"
N000697,N005493,different,0.07472712006717044,False,578,"[0.0, 0.1)"
N003555,N009272,different,0.0864,False,305,"[0.0, 0.1)"
N005393,N007391,different,0.1892430278884462,False,1,"[0.1, 0.2)"
N006121,N009928,different,0.3430599369085173,False,13,"[0.3, 0.4)"
N004229,N006064,different,0.08319604612850082,False,515,"[0.0, 0.1)"
N003265,N010005,different,0.24119241192411925,False,0,"[0.2, 0.3)"
N007303,N007376,different,0.09387755102040816,False,30,"[0.0, 0.1)"
N005512,N007327,different,0.2528334786399303,False,9,"[0.2, 0.3)"
N009065,N011122,different,0.09099350046425256,False,152,"[0.0, 0.1)"
N001376,N001377,same,0.39734422880490294,False,29,"[0.3, 0.4)"
N000357,N000359,same,0.7019790454016298,True,5,"[0.7, 0.8)"
N008677,N011938,different,0.22406639004149378,False,1,"[0.2, 0.3)"
N002197,N002198,same,0.49801849405548215,False,1,"[0.4, 0.5)"
N001905,N005873,different,0.3779322328410078,False,201,"[0.3, 0.4)"
N007497,N007499,same,0.6237006237006237,True,3,"[0.6, 0.7)"
N007334,N007335,same,0.922272047832586,True,1,"[0.9, 1.01)"
N002570,N005618,different,0.11472011057360056,False,99,"[0.1, 0.2)"
N001074,N002707,different,0.1111864406779661,False,215,"[0.1, 0.2)"
N003691,N004544,different,0.08171861836562763,False,16,"[0.0, 0.1)"
N003415,N008452,different,0.36979591836734693,False,34,"[0.3, 0.4)"
N011716,N011717,same,0.9690140845070423,True,1,"[0.9, 1.01)"
N001083,N011985,different,0.2424969987995198,False,2,"[0.2, 0.3)"
N011499,N011500,same,0.9955257270693513,True,135,"[0.9, 1.01)"
N004212,N009766,different,0.3323375653472741,False,30,"[0.3, 0.4)"
N002974,N006457,different,0.15256410256410258,False,125,"[0.1, 0.2)"
N003854,N003855,same,0.6447204968944099,False,0,"[0.6, 0.7)"
N005378,N005379,same,0.9452229299363057,True,2,"[0.9, 1.01)"
N011829,N011830,same,0.9512195121951219,True,1,"[0.9, 1.01)"
N005326,N006145,different,0.1875637104994903,False,0,"[0.1, 0.2)"
N006145,N006146,same,0.5562347188264058,False,0,"[0.5, 0.6)"
N002008,N003498,different,0.23185265438786565,False,3,"[0.2, 0.3)"
N010513,N010514,same,0.9345238095238095,True,20,"[0.9, 1.01)"
N000443,N006009,different,0.08549874266554904,False,84,"[0.0, 0.1)"
N000043,N000050,same,0.981994459833795,True,4,"[0.9, 1.01)"
N008967,N008968,same,0.2653333333333333,False,0,"[0.2, 0.3)"
N002801,N002802,same,0.5983350676378772,False,0,"[0.5, 0.6)"
N000119,N009303,different,0.07358953393295176,False,146,"[0.0, 0.1)"
N002058,N002059,same,0.954954954954955,True,41,"[0.9, 1.01)"
N001325,N009136,different,0.17717003567181927,False,1,"[0.1, 0.2)"
N003642,N009092,different,0.18223760092272204,False,5,"[0.1, 0.2)"
N004298,N004299,same,0.9673405909797823,True,3,"[0.9, 1.01)"
N007729,N007732,same,0.9657657657657658,True,3,"[0.9, 1.01)"
N007652,N008774,different,0.4291497975708502,False,211,"[0.4, 0.5)"
N000834,N001578,different,0.10785619174434088,False,311,"[0.1, 0.2)"
N002673,N009844,different,0.33657587548638135,False,33,"[0.3, 0.4)"
N003008,N009152,different,0.1863041289023162,False,2,"[0.1, 0.2)"
N001326,N001328,same,0.5924617196702002,False,11,"[0.5, 0.6)"
N009445,N009562,different,0.5065934065934066,True,454,"[0.5, 0.6)"
N005985,N009162,different,0.12181303116147309,False,2,"[0.1, 0.2)"
N004071,N004072,same,0.9765765765765766,True,3,"[0.9, 1.01)"
N000384,N002019,different,0.0962800875273523,False,73,"[0.0, 0.1)"
N003494,N003495,same,0.20041536863966772,False,0,"[0.2, 0.3)"
N005806,N011786,different,0.14528462192013594,False,0,"[0.1, 0.2)"
N011420,N011984,different,0.36217948717948717,False,26,"[0.3, 0.4)"
N006646,N009384,different,0.08820882088208822,False,15,"[0.0, 0.1)"
N002639,N002640,same,0.9372197309417041,True,2,"[0.9, 1.01)"
N006541,N009386,different,0.3390010626992561,False,4,"[0.3, 0.4)"
N006760,N008055,different,0.3858447488584475,False,37,"[0.3, 0.4)"
N001785,N004629,different,0.3466915191053122,False,33,"[0.3, 0.4)"
N000741,N000745,same,0.925,True,7,"[0.9, 1.01)"
N008186,N009304,different,0.12330623306233063,False,98,"[0.1, 0.2)"
N001323,N006364,different,0.19576719576719576,False,0,"[0.1, 0.2)"
N003863,N010008,different,0.1255539143279173,False,26,"[0.1, 0.2)"
N000058,N000184,different,0.3803307223672759,False,5,"[0.3, 0.4)"
N000412,N004657,different,0.1335593220338983,False,6,"[0.1, 0.2)"
N000926,N003644,different,0.4040574809805579,False,81,"[0.4, 0.5)"
N004369,N008199,different,0.23671947809878843,False,1,"[0.2, 0.3)"
N003450,N006996,different,0.1618075801749271,False,3,"[0.1, 0.2)"
N004410,N006730,different,0.10084033613445378,False,2,"[0.1, 0.2)"
N006041,N011988,different,0.10436270316509838,False,6,"[0.1, 0.2)"
N004913,N010317,different,0.2316849816849817,False,1,"[0.2, 0.3)"
N007995,N007997,same,0.6069057104913679,False,1,"[0.6, 0.7)"
N001334,N006274,different,0.12342007434944238,False,48,"[0.1, 0.2)"
N004939,N011284,different,0.08243451463790447,False,105,"[0.0, 0.1)"
N005634,N006584,different,0.19083969465648856,False,0,"[0.1, 0.2)"
N003301,N003302,same,0.5970654627539503,True,1,"[0.5, 0.6)"
N002267,N010375,different,0.20502645502645503,False,3,"[0.2, 0.3)"
N003158,N007300,different,0.16962962962962963,False,0,"[0.1, 0.2)"
N002085,N007988,different,0.20388349514563106,False,0,"[0.2, 0.3)"
N001118,N001120,same,0.9428934010152284,True,4,"[0.9, 1.01)"
N000030,N006079,different,0.214123006833713,False,1,"[0.2, 0.3)"
N005137,N009628,different,0.208803611738149,False,2,"[0.2, 0.3)"
N004055,N008225,different,0.09141494435612083,False,0,"[0.0, 0.1)"
N001879,N004065,different,0.130879345603272,False,5,"[0.1, 0.2)"
N000486,N011101,different,0.23803967327887982,False,5,"[0.2, 0.3)"
N007430,N010330,different,0.3967741935483871,False,7,"[0.3, 0.4)"
N006041,N009700,different,0.3621301775147929,False,6,"[0.3, 0.4)"
N000297,N003849,different,0.11526946107784432,False,11,"[0.1, 0.2)"
N003611,N007188,different,0.19517543859649122,False,0,"[0.1, 0.2)"
N009978,N009979,same,0.4592445328031809,False,6,"[0.4, 0.5)"
N001022,N001023,same,0.6304118268215417,False,0,"[0.6, 0.7)"
N001629,N005005,different,0.15637860082304528,False,1,"[0.1, 0.2)"
N002923,N007247,different,0.11882605583392986,False,63,"[0.1, 0.2)"
N003164,N009587,different,0.12752858399296393,False,3,"[0.1, 0.2)"
N006832,N010598,different,0.1471550032701112,False,133,"[0.1, 0.2)"
N006511,N006512,same,0.6310380267214799,False,0,"[0.6, 0.7)"
N002304,N009060,different,0.09375,False,268,"[0.0, 0.1)"
N002106,N006701,different,0.22254901960784312,False,3,"[0.2, 0.3)"
N006856,N006857,same,0.6272727272727273,True,11,"[0.6, 0.7)"
N003821,N009085,different,0.4268041237113402,False,109,"[0.4, 0.5)"
N004522,N009816,different,0.455026455026455,False,36,"[0.4, 0.5)"
N008514,N008515,same,0.43777777777777777,True,1,"[0.4, 0.5)"
N008382,N009718,different,0.0830945558739255,False,350,"[0.0, 0.1)"
N005805,N011332,different,0.406496062992126,False,234,"[0.4, 0.5)"
N004216,N004699,different,0.203579418344519,False,1,"[0.2, 0.3)"
N001432,N008873,different,0.3312252964426877,False,8,"[0.3, 0.4)"
N002149,N003382,different,0.08014911463187326,False,0,"[0.0, 0.1)"
N004731,N009345,different,0.3355408388520971,False,279,"[0.3, 0.4)"
N002163,N002307,different,0.31194151096669376,False,0,"[0.3, 0.4)"
N002952,N008752,different,0.23059360730593606,False,5,"[0.2, 0.3)"
N000745,N005843,different,0.19285714285714287,False,7,"[0.1, 0.2)"
N005260,N011019,different,0.07398373983739838,False,324,"[0.0, 0.1)"
N002299,N009882,different,0.08808290155440414,False,4,"[0.0, 0.1)"
N002171,N005867,different,0.14612676056338028,False,0,"[0.1, 0.2)"
N005334,N007457,different,0.20728008088978767,False,0,"[0.2, 0.3)"
N005304,N005305,same,0.8866242038216561,True,3,"[0.8, 0.9)"
N005134,N005135,same,0.6097318768619663,False,22,"[0.6, 0.7)"
N000982,N005390,different,0.2252922422954304,False,1,"[0.2, 0.3)"
N002992,N009046,different,0.35857267188859876,False,14,"[0.3, 0.4)"
N000628,N000633,same,0.3333333333333333,False,5,"[0.3, 0.4)"
N000573,N006170,different,0.10406091370558376,False,87,"[0.1, 0.2)"
N010406,N010408,same,0.9776119402985075,True,2,"[0.9, 1.01)"
N002446,N002447,same,0.6553133514986376,True,90,"[0.6, 0.7)"
N000735,N001335,different,0.382032667876588,False,173,"[0.3, 0.4)"
N008238,N011480,different,0.33168805528134254,False,1,"[0.3, 0.4)"
N000321,N000443,different,0.08364661654135339,False,16,"[0.0, 0.1)"
N007541,N007546,same,0.2976313079299691,False,3,"[0.2, 0.3)"
N002683,N007848,different,0.09120788824979457,False,46,"[0.0, 0.1)"
N009983,N009985,same,0.25332068311195444,False,4,"[0.2, 0.3)"
N007568,N007570,same,0.42424242424242425,False,4,"[0.4, 0.5)"
N005448,N005962,different,0.20883054892601433,False,0,"[0.2, 0.3)"
N004767,N004768,same,0.9004329004329005,True,5,"[0.9, 1.01)"
N007023,N007916,different,0.3330702446724546,False,9,"[0.3, 0.4)"
N000315,N000316,same,0.5470383275261324,False,34,"[0.5, 0.6)"
N001578,N002947,different,0.12775616083009078,False,28,"[0.1, 0.2)"
N009857,N010711,different,0.22608695652173913,False,1,"[0.2, 0.3)"
N002290,N003634,different,0.37913299044819987,False,89,"[0.3, 0.4)"
N011438,N011440,same,0.6671035386631717,False,1,"[0.6, 0.7)"
N010035,N011646,different,0.22802197802197802,False,0,"[0.2, 0.3)"
N001295,N001296,same,0.6604527296937417,True,2,"[0.6, 0.7)"
N005825,N010265,different,0.20545073375262055,False,3,"[0.2, 0.3)"
N002351,N005508,different,0.3617363344051447,False,5,"[0.3, 0.4)"
N011075,N011077,same,0.9341935483870968,True,3,"[0.9, 1.01)"
N011335,N011336,same,0.4023109243697479,False,10,"[0.4, 0.5)"
N000514,N011152,different,0.3470817120622568,False,5,"[0.3, 0.4)"
N010762,N010766,same,0.9219858156028369,True,8,"[0.9, 1.01)"
N001314,N003288,different,0.3825065274151436,False,0,"[0.3, 0.4)"
N001403,N001405,same,0.21847930702598653,False,193,"[0.2, 0.3)"
N010389,N010391,same,0.8616071428571429,True,1,"[0.8, 0.9)"
N001258,N001261,same,0.9384835479256081,True,13,"[0.9, 1.01)"
N003574,N011053,different,0.3339622641509434,False,23,"[0.3, 0.4)"
N001484,N005371,different,0.29260182876142976,False,243,"[0.2, 0.3)"
N005426,N005427,same,0.9186046511627907,True,1,"[0.9, 1.01)"
N008443,N010211,different,0.1276595744680851,False,2,"[0.1, 0.2)"
N005517,N011613,different,0.08318098720292505,False,255,"[0.0, 0.1)"
N005828,N010514,different,0.08676789587852494,False,10,"[0.0, 0.1)"
N011154,N011156,same,0.6539923954372624,False,124,"[0.6, 0.7)"
N002595,N003310,different,0.17681498829039813,False,2,"[0.1, 0.2)"
N008630,N011336,different,0.4435483870967742,False,86,"[0.4, 0.5)"
N004951,N008794,different,0.29866888519134777,False,26,"[0.2, 0.3)"
N000391,N004186,different,0.3363028953229399,False,4,"[0.3, 0.4)"
N000166,N008677,different,0.20342396777442096,False,5,"[0.2, 0.3)"
N009154,N011317,different,0.22455403987408185,False,0,"[0.2, 0.3)"
N002589,N009612,different,0.32831001076426264,False,92,"[0.3, 0.4)"
N008268,N009916,different,0.32545454545454544,False,4,"[0.3, 0.4)"
N002316,N002317,same,0.49601063829787234,False,11,"[0.4, 0.5)"
N006596,N011033,different,0.1201885310290652,False,1,"[0.1, 0.2)"
N010106,N010107,same,0.3879120879120879,False,60,"[0.3, 0.4)"
N008409,N008410,same,0.9426934097421203,True,1,"[0.9, 1.01)"
N001937,N007430,different,0.3712737127371274,False,61,"[0.3, 0.4)"
N000078,N006886,different,0.20266666666666666,False,0,"[0.2, 0.3)"
N010999,N011001,same,0.32802937576499386,False,1,"[0.3, 0.4)"
N001357,N010788,different,0.20168067226890757,False,2,"[0.2, 0.3)"
N000906,N011149,different,0.2484076433121019,False,1,"[0.2, 0.3)"
N003435,N009318,different,0.2224231464737794,False,0,"[0.2, 0.3)"
N002916,N004445,different,0.1953125,False,1,"[0.1, 0.2)"
N003770,N011367,different,0.2438692098092643,False,0,"[0.2, 0.3)"
N010980,N010981,same,0.6575729068673566,True,135,"[0.6, 0.7)"
N005040,N005041,same,0.922365988909427,True,2,"[0.9, 1.01)"
N008937,N008938,same,0.22748815165876776,False,1,"[0.2, 0.3)"
N002071,N006588,different,0.11220715166461159,False,73,"[0.1, 0.2)"
N010261,N011914,different,0.34375,False,76,"[0.3, 0.4)"
N000670,N000671,same,0.9152798789712556,True,1,"[0.9, 1.01)"
N000489,N007029,different,0.23224043715846995,False,0,"[0.2, 0.3)"
N007633,N010942,different,0.17100371747211895,False,1,"[0.1, 0.2)"
N005243,N006569,different,0.10232158211521926,False,3,"[0.1, 0.2)"
N001083,N001567,different,0.1926006528835691,False,2,"[0.1, 0.2)"
N000282,N006591,different,0.20679012345679013,False,4,"[0.2, 0.3)"
N003362,N003364,same,0.9781818181818182,True,2,"[0.9, 1.01)"
N005927,N008816,different,0.3916827852998066,False,57,"[0.3, 0.4)"
N001289,N001291,same,0.2601410934744268,False,125,"[0.2, 0.3)"
N005231,N005232,same,0.9401088929219601,True,1,"[0.9, 1.01)"
N003835,N003837,same,0.7358870967741935,True,4,"[0.7, 0.8)"
N004167,N005115,different,0.3877338877338877,False,265,"[0.3, 0.4)"
N002040,N003281,different,0.2037914691943128,False,6,"[0.2, 0.3)"
N002605,N010853,different,0.3581081081081081,False,5,"[0.3, 0.4)"
N011139,N011793,different,0.1210149642160052,False,7,"[0.1, 0.2)"
N001458,N002506,different,0.1832579185520362,False,0,"[0.1, 0.2)"
N007148,N011853,different,0.41452205882352944,False,42,"[0.4, 0.5)"
N001791,N008583,different,0.3253128007699711,False,19,"[0.3, 0.4)"
N008993,N008995,same,0.9135593220338983,True,2,"[0.9, 1.01)"
N004043,N004218,different,0.2943969610636277,False,107,"[0.2, 0.3)"
N011601,N011603,same,0.8963317384370016,True,2,"[0.8, 0.9)"
N002945,N010292,different,0.15384615384615385,False,438,"[0.1, 0.2)"
N006385,N011130,different,0.3081510934393638,False,11,"[0.3, 0.4)"
N006764,N009477,different,0.33043478260869563,False,23,"[0.3, 0.4)"
N004409,N011892,different,0.17785977859778598,False,0,"[0.1, 0.2)"
N000023,N002700,different,0.2906057945566286,False,41,"[0.2, 0.3)"
N001669,N003264,different,0.2,False,1,"[0.2, 0.3)"
N002831,N008460,different,0.11342155009451796,False,2,"[0.1, 0.2)"
N004184,N005163,different,0.1111111111111111,False,143,"[0.1, 0.2)"
N009665,N011482,different,0.07381615598885793,False,0,"[0.0, 0.1)"
N000340,N009553,different,0.083668543845535,False,426,"[0.0, 0.1)"
N002043,N008828,different,0.1812015503875969,False,1,"[0.1, 0.2)"
N003466,N003469,same,0.6008771929824561,False,7,"[0.6, 0.7)"
N005064,N005067,same,0.6961620469083155,False,277,"[0.6, 0.7)"
N000030,N007467,different,0.1965484180249281,False,1,"[0.1, 0.2)"
N011900,N011901,same,0.5529225908372828,False,1,"[0.5, 0.6)"
N006901,N008943,different,0.21421520236920039,False,0,"[0.2, 0.3)"
N003415,N005750,different,0.11263972484952708,False,34,"[0.1, 0.2)"
N005350,N005352,same,0.3625,False,6,"[0.3, 0.4)"
N007614,N008823,different,0.1203155818540434,False,22,"[0.1, 0.2)"
N004333,N008255,different,0.19840566873339238,False,0,"[0.1, 0.2)"
N009495,N009521,different,0.1274438812454743,False,2,"[0.1, 0.2)"
N006462,N006463,same,0.9363507779349364,True,1,"[0.9, 1.01)"
N001629,N008262,different,0.2607003891050584,False,1,"[0.2, 0.3)"
N002516,N010795,different,0.22799295774647887,False,4,"[0.2, 0.3)"
N006622,N006623,same,0.7529691211401425,True,7,"[0.7, 0.8)"
N010081,N010082,same,0.669750231267345,True,1,"[0.6, 0.7)"
N007560,N007561,same,0.6006637168141593,True,343,"[0.6, 0.7)"
N005941,N006998,different,0.3982725527831094,False,80,"[0.3, 0.4)"
N004062,N004438,different,0.18457943925233644,False,4,"[0.1, 0.2)"
N000990,N002973,different,0.09588068181818182,False,3,"[0.0, 0.1)"
N008321,N008641,different,0.34025717111770526,False,3,"[0.3, 0.4)"
N008561,N008562,same,0.6794871794871795,True,1,"[0.6, 0.7)"
N001360,N001361,same,0.951417004048583,True,2,"[0.9, 1.01)"
N008993,N008994,same,0.9581881533101045,True,2,"[0.9, 1.01)"
N005108,N005109,same,0.737417943107221,True,15,"[0.7, 0.8)"
N001983,N001984,same,0.5605442176870749,False,0,"[0.5, 0.6)"
N006038,N009049,different,0.12142857142857143,False,0,"[0.1, 0.2)"
N001413,N007076,different,0.2020304568527919,False,3,"[0.2, 0.3)"
N005772,N005776,same,0.3068181818181818,False,4,"[0.3, 0.4)"
N000237,N009075,different,0.36626506024096384,False,3,"[0.3, 0.4)"
N011043,N011048,same,0.2434108527131783,False,439,"[0.2, 0.3)"
N004742,N006981,different,0.19781420765027322,False,1,"[0.1, 0.2)"
N004801,N004802,same,0.5560640732265446,False,35,"[0.5, 0.6)"
N003994,N003995,same,0.21367521367521367,False,4,"[0.2, 0.3)"
N000643,N009675,different,0.3831948291782087,False,225,"[0.3, 0.4)"
N006086,N006087,same,0.9256756756756757,True,2,"[0.9, 1.01)"
N000266,N010102,different,0.24754901960784315,False,5,"[0.2, 0.3)"
N005028,N009701,different,0.23785166240409208,False,1,"[0.2, 0.3)"
N009670,N009671,same,0.94,True,2,"[0.9, 1.01)"
N001005,N001804,different,0.3717605004468275,False,195,"[0.3, 0.4)"
N005314,N010609,different,0.37988422575976843,False,37,"[0.3, 0.4)"
N000417,N000419,same,0.9350490196078431,True,3,"[0.9, 1.01)"
N011041,N011048,same,0.22575640031031807,False,407,"[0.2, 0.3)"
N000992,N001435,different,0.2048076923076923,False,36,"[0.2, 0.3)"
N004107,N008166,different,0.1240086517664023,False,9,"[0.1, 0.2)"
N002590,N002591,same,0.9221698113207547,True,1,"[0.9, 1.01)"
N005119,N005121,same,0.662291169451074,True,3,"[0.6, 0.7)"
N002826,N007185,different,0.08917197452229299,False,4,"[0.0, 0.1)"
N009349,N009350,same,0.9259896729776248,True,1,"[0.9, 1.01)"
N003121,N005007,different,0.10101010101010101,False,4,"[0.1, 0.2)"
N002947,N003566,different,0.06864988558352403,False,180,"[0.0, 0.1)"
N000485,N000488,same,0.8037383177570093,True,5,"[0.8, 0.9)"
N004349,N011691,different,0.37582236842105265,False,314,"[0.3, 0.4)"
N011281,N011282,same,0.7072625698324022,True,1,"[0.7, 0.8)"
N003865,N009372,different,0.12316715542521994,False,13,"[0.1, 0.2)"
N001198,N010109,different,0.34129429892141755,False,7,"[0.3, 0.4)"
N011975,N011976,same,0.6441136671177267,False,2,"[0.6, 0.7)"
N006419,N007183,different,0.08552631578947369,False,292,"[0.0, 0.1)"
N010407,N010605,different,0.2069408740359897,False,2,"[0.2, 0.3)"
N009079,N010570,different,0.419234360410831,False,178,"[0.4, 0.5)"
N001415,N006560,different,0.3245214220601641,False,16,"[0.3, 0.4)"
N001653,N001654,same,0.6342780026990553,True,242,"[0.6, 0.7)"
N003355,N003823,different,0.08856345885634588,False,3,"[0.0, 0.1)"
N000355,N005276,different,0.31689497716894977,False,2,"[0.3, 0.4)"
N007573,N007574,same,0.381151832460733,False,1,"[0.3, 0.4)"
N007999,N008002,same,0.9449225473321858,True,2,"[0.9, 1.01)"
N007057,N010814,different,0.07261724659606657,False,222,"[0.0, 0.1)"
N000264,N009708,different,0.21621621621621623,False,0,"[0.2, 0.3)"
N008825,N008828,same,0.5602409638554217,False,120,"[0.5, 0.6)"
N001284,N006893,different,0.15446650124069478,False,78,"[0.1, 0.2)"
N011033,N011035,same,0.9484536082474226,True,210,"[0.9, 1.01)"
N004348,N004349,same,0.459837019790454,False,2,"[0.4, 0.5)"
N004177,N010930,different,0.1819021237303786,False,3,"[0.1, 0.2)"
N003845,N003847,same,0.6434426229508197,False,0,"[0.6, 0.7)"
N004106,N004107,same,0.24424778761061947,False,95,"[0.2, 0.3)"
N007911,N009413,different,0.19771863117870722,False,3,"[0.1, 0.2)"
N001010,N001011,same,0.31152073732718893,False,129,"[0.3, 0.4)"
N009213,N010572,different,0.1309408341416101,False,73,"[0.1, 0.2)"
N006364,N006366,same,0.24552429667519182,False,0,"[0.2, 0.3)"
N001447,N003703,different,0.18334985133795836,False,1,"[0.1, 0.2)"
N009727,N010185,different,0.12132822477650064,False,474,"[0.1, 0.2)"
N000605,N002652,different,0.16591251885369532,False,0,"[0.1, 0.2)"
N004016,N004017,same,0.2163677130044843,False,11,"[0.2, 0.3)"
N010689,N011576,different,0.10785824345146379,False,49,"[0.1, 0.2)"
N001733,N001734,same,0.7242152466367713,True,1,"[0.7, 0.8)"
N004845,N007461,different,0.11422564821303434,False,106,"[0.1, 0.2)"
N010880,N010881,same,0.8137128072445019,True,7,"[0.8, 0.9)"
N000498,N001176,different,0.2137862137862138,False,0,"[0.2, 0.3)"
N001285,N003729,different,0.12157534246575342,False,20,"[0.1, 0.2)"
N006173,N008196,different,0.21017907634307256,False,3,"[0.2, 0.3)"
N008110,N009707,different,0.37448559670781895,False,11,"[0.3, 0.4)"
N007193,N010619,different,0.42094240837696334,False,33,"[0.4, 0.5)"
N000561,N003679,different,0.3860062893081761,False,41,"[0.3, 0.4)"
N003026,N003027,same,0.6213333333333333,True,2,"[0.6, 0.7)"
N004552,N004553,same,0.7147102526002972,True,1,"[0.7, 0.8)"
N007647,N009169,different,0.38468720821662,False,27,"[0.3, 0.4)"
N005744,N010823,different,0.3336448598130841,False,3,"[0.3, 0.4)"
N001880,N002772,different,0.11612426035502958,False,356,"[0.1, 0.2)"
N003351,N006982,different,0.13029045643153528,False,18,"[0.1, 0.2)"
N006591,N011935,different,0.26937618147448017,False,0,"[0.2, 0.3)"
N008482,N010584,different,0.2011173184357542,False,2,"[0.2, 0.3)"
N005814,N006544,different,0.09236363636363637,False,70,"[0.0, 0.1)"
N006622,N006638,different,0.09956709956709957,False,7,"[0.0, 0.1)"
N008603,N010598,different,0.12324723247232472,False,35,"[0.1, 0.2)"
N000753,N000755,same,0.8880407124681934,True,2,"[0.8, 0.9)"
N006153,N009437,different,0.3652924256951103,False,6,"[0.3, 0.4)"
N002548,N010207,different,0.37004754358161646,False,4,"[0.3, 0.4)"
N004026,N010431,different,0.2094188376753507,False,1,"[0.2, 0.3)"
N000339,N002440,different,0.195852534562212,False,0,"[0.1, 0.2)"
N000964,N008611,different,0.3203266787658802,False,8,"[0.3, 0.4)"
N001833,N004195,different,0.3540315106580167,False,11,"[0.3, 0.4)"
N001282,N004950,different,0.08916728076639646,False,170,"[0.0, 0.1)"
N000030,N009868,different,0.19384615384615383,False,1,"[0.1, 0.2)"
N001010,N004708,different,0.4009216589861751,False,129,"[0.4, 0.5)"
N000566,N008517,different,0.1288265306122449,False,71,"[0.1, 0.2)"
N011092,N011095,same,0.7057057057057057,True,3,"[0.7, 0.8)"
N001983,N009014,different,0.17894736842105263,False,0,"[0.1, 0.2)"
N005044,N005045,same,0.9352380952380952,True,1,"[0.9, 1.01)"
N003201,N003203,same,1.0,True,159,"[0.9, 1.01)"
N000238,N001915,different,0.2319721980886186,False,3,"[0.2, 0.3)"
N000461,N004754,different,0.4434876210979548,False,27,"[0.4, 0.5)"
N000135,N010890,different,0.10127591706539076,False,13,"[0.1, 0.2)"
N011414,N011759,different,0.2170439414114514,False,0,"[0.2, 0.3)"
N003751,N007825,different,0.15260545905707196,False,238,"[0.1, 0.2)"
N006774,N009531,different,0.43524699599465955,False,10,"[0.4, 0.5)"
N000516,N006620,different,0.16666666666666666,False,0,"[0.1, 0.2)"
N004325,N004949,different,0.21800947867298578,False,5,"[0.2, 0.3)"
N000557,N004353,different,0.18044354838709678,False,8,"[0.1, 0.2)"
N000286,N008208,different,0.400974025974026,False,457,"[0.4, 0.5)"
N002691,N010535,different,0.4270557029177719,False,272,"[0.4, 0.5)"
N000490,N006570,different,0.3246753246753247,False,17,"[0.3, 0.4)"
N005692,N009368,different,0.09243697478991597,False,5,"[0.0, 0.1)"
N006324,N006325,same,0.6014492753623188,False,184,"[0.6, 0.7)"
N004951,N011682,different,0.3507521773555028,False,26,"[0.3, 0.4)"
N010982,N010985,same,0.6571125265392781,True,43,"[0.6, 0.7)"
N009834,N009835,same,0.5618479880774963,False,1,"[0.5, 0.6)"
N003500,N003501,same,0.6730523627075351,False,2,"[0.6, 0.7)"
N010499,N011269,different,0.07827476038338659,False,9,"[0.0, 0.1)"
N005257,N010502,different,0.1089238845144357,False,321,"[0.1, 0.2)"
N003920,N006487,different,0.15201900237529692,False,4,"[0.1, 0.2)"
N011834,N011835,same,0.9122085048010974,True,2,"[0.9, 1.01)"
N004364,N007454,different,0.12928501469147893,False,3,"[0.1, 0.2)"
N004158,N008744,different,0.21451787648970747,False,6,"[0.2, 0.3)"
N005771,N006045,different,0.08852755194218609,False,78,"[0.0, 0.1)"
N001865,N011525,different,0.22065727699530516,False,5,"[0.2, 0.3)"
N001362,N001363,same,0.23084291187739464,False,0,"[0.2, 0.3)"
N009863,N009866,same,0.3139269406392694,False,18,"[0.3, 0.4)"
N000175,N002508,different,0.2515391380826737,False,0,"[0.2, 0.3)"
N006545,N006546,same,0.7348484848484849,True,1,"[0.7, 0.8)"
N000215,N005986,different,0.3798165137614679,False,72,"[0.3, 0.4)"
N004433,N011613,different,0.10410764872521247,False,3,"[0.1, 0.2)"
N000064,N010912,different,0.08595988538681948,False,0,"[0.0, 0.1)"
N008572,N009975,different,0.17592592592592593,False,0,"[0.1, 0.2)"
N000431,N001948,different,0.1263823064770932,False,5,"[0.1, 0.2)"
N002598,N004139,different,0.2055063913470993,False,4,"[0.2, 0.3)"
N007063,N007064,same,0.6944444444444444,True,270,"[0.6, 0.7)"
N008238,N008239,same,0.6670687575392038,True,1,"[0.6, 0.7)"
N000518,N009485,different,0.06800348735832606,False,128,"[0.0, 0.1)"
N003093,N003735,different,0.09792709077912795,False,1,"[0.0, 0.1)"
N001977,N007620,different,0.10620689655172413,False,80,"[0.1, 0.2)"
N009205,N009208,same,0.4215581643543223,False,27,"[0.4, 0.5)"
N003317,N010218,different,0.17259414225941422,False,0,"[0.1, 0.2)"
N006112,N006266,different,0.12566641279512566,False,107,"[0.1, 0.2)"
N003208,N003758,different,0.1346562721474132,False,1,"[0.1, 0.2)"
N008188,N008190,same,0.9552529182879378,True,2,"[0.9, 1.01)"
N003051,N011987,different,0.10119465917076599,False,126,"[0.1, 0.2)"
N001446,N004867,different,0.1362126245847176,False,2,"[0.1, 0.2)"
N000895,N009304,different,0.39339019189765456,False,23,"[0.3, 0.4)"
N000161,N010769,different,0.08076358296622614,False,29,"[0.0, 0.1)"
N003327,N003328,same,0.6439393939393939,True,4,"[0.6, 0.7)"
N008176,N010603,different,0.12076455256298871,False,368,"[0.1, 0.2)"
N001633,N001634,same,0.3152,False,1,"[0.3, 0.4)"
N004001,N007546,different,0.46320346320346323,False,10,"[0.4, 0.5)"
N000937,N000938,same,0.5232419547079857,False,0,"[0.5, 0.6)"
N008048,N008050,same,0.9363905325443787,True,2,"[0.9, 1.01)"
N004328,N008917,different,0.20887728459530025,False,5,"[0.2, 0.3)"
N004757,N008828,different,0.20403825717321997,False,0,"[0.2, 0.3)"
N005397,N005398,same,0.29524886877828055,False,463,"[0.2, 0.3)"
N001291,N007292,different,0.20512820512820512,False,1,"[0.2, 0.3)"
N007205,N007207,same,1.0,True,3,"[0.9, 1.01)"
N002229,N011361,different,0.4151898734177215,False,242,"[0.4, 0.5)"
N005375,N005716,different,0.1214017521902378,False,129,"[0.1, 0.2)"
N002758,N002818,different,0.19748858447488585,False,37,"[0.1, 0.2)"
N009564,N011151,different,0.38652482269503546,False,4,"[0.3, 0.4)"
N008487,N008488,same,0.9781144781144782,True,1,"[0.9, 1.01)"
N007856,N007858,same,0.6553191489361702,False,3,"[0.6, 0.7)"
N000647,N001025,different,0.10724431818181818,False,2,"[0.1, 0.2)"
N003489,N010336,different,0.19053254437869824,False,0,"[0.1, 0.2)"
N000327,N009318,different,0.2058165548098434,False,1,"[0.2, 0.3)"
N005431,N006150,different,0.12207602339181287,False,96,"[0.1, 0.2)"
N002684,N004549,different,0.11256354393609296,False,37,"[0.1, 0.2)"
N005744,N007062,different,0.08868501529051988,False,3,"[0.0, 0.1)"
N004248,N011184,different,0.19506172839506172,False,2,"[0.1, 0.2)"
N003020,N003021,same,0.4300100704934542,False,20,"[0.4, 0.5)"
N000160,N003947,different,0.22792022792022792,False,3,"[0.2, 0.3)"
N006712,N008335,different,0.21177802944507362,False,2,"[0.2, 0.3)"
N000843,N005365,different,0.16761768901569188,False,269,"[0.1, 0.2)"
N011628,N011629,same,0.2802547770700637,False,106,"[0.2, 0.3)"
N000026,N011332,different,0.4215686274509804,False,3,"[0.4, 0.5)"
N003058,N009240,different,0.16878612716763006,False,5,"[0.1, 0.2)"
N000396,N000397,same,0.32608695652173914,False,32,"[0.3, 0.4)"
N006146,N006401,different,0.11875843454790823,False,38,"[0.1, 0.2)"
N007004,N011967,different,0.2141982864137087,False,5,"[0.2, 0.3)"
N002229,N002230,same,0.41578947368421054,False,242,"[0.4, 0.5)"
N002088,N011862,different,0.312133072407045,False,44,"[0.3, 0.4)"
N004709,N004711,same,0.9273356401384083,True,6,"[0.9, 1.01)"
N001940,N002621,different,0.12727272727272726,False,18,"[0.1, 0.2)"
N004803,N004804,same,0.915057915057915,True,1,"[0.9, 1.01)"
N003748,N011207,different,0.09041309431021044,False,1,"[0.0, 0.1)"
N001623,N010411,different,0.08243130724396336,False,149,"[0.0, 0.1)"
N002821,N007053,different,0.32894736842105265,False,4,"[0.3, 0.4)"
N001977,N006802,different,0.4202266782911944,False,80,"[0.4, 0.5)"
N000993,N011320,different,0.22580645161290322,False,37,"[0.2, 0.3)"
N008784,N011076,different,0.385837193911317,False,54,"[0.3, 0.4)"
N001137,N005072,different,0.14458804523424879,False,0,"[0.1, 0.2)"
N007487,N007491,same,0.46802721088435373,False,2,"[0.4, 0.5)"
N002401,N005487,different,0.20630081300813008,False,3,"[0.2, 0.3)"
N001101,N002086,different,0.135423197492163,False,51,"[0.1, 0.2)"
N004655,N010935,different,0.40769835035349566,False,11,"[0.4, 0.5)"
N004085,N004086,same,0.9448275862068966,True,2,"[0.9, 1.01)"
N003125,N003127,same,0.9216255442670537,True,2,"[0.9, 1.01)"
N001101,N001666,different,0.13034482758620689,False,51,"[0.1, 0.2)"
N001141,N001142,same,0.2526041666666667,False,2,"[0.2, 0.3)"
N006480,N008863,different,0.08440170940170941,False,55,"[0.0, 0.1)"
N000817,N011666,different,0.35872235872235875,False,3,"[0.3, 0.4)"
N000219,N003185,different,0.19866920152091255,False,4,"[0.1, 0.2)"
N001988,N006863,different,0.12007332722273144,False,0,"[0.1, 0.2)"
N009478,N009479,same,0.6366197183098592,False,243,"[0.6, 0.7)"
N001784,N005288,different,0.10499576629974598,False,31,"[0.1, 0.2)"
N001436,N002155,different,0.07614213197969544,False,97,"[0.0, 0.1)"
N006423,N011777,different,0.20108695652173914,False,2,"[0.2, 0.3)"
N006565,N006569,same,0.2983947119924457,False,2,"[0.2, 0.3)"
N003427,N006396,different,0.2247596153846154,False,1,"[0.2, 0.3)"
N009745,N009848,different,0.3728301886792453,False,134,"[0.3, 0.4)"
N002762,N002765,same,0.5826494724501758,False,3,"[0.5, 0.6)"
N000065,N000124,different,0.1270175438596491,False,9,"[0.1, 0.2)"
N001140,N008945,different,0.1522903033908388,False,22,"[0.1, 0.2)"
N002973,N002974,same,0.7302904564315352,True,188,"[0.7, 0.8)"
N006774,N006775,same,0.3316412859560068,False,10,"[0.3, 0.4)"
N011429,N011433,same,0.607,True,6,"[0.6, 0.7)"
N009822,N009823,same,0.3010033444816054,False,0,"[0.3, 0.4)"
N009371,N009372,same,0.6417322834645669,True,167,"[0.6, 0.7)"
N001006,N009138,different,0.22933333333333333,False,0,"[0.2, 0.3)"
N000723,N009281,different,0.11050102951269733,False,11,"[0.1, 0.2)"
N000259,N003124,different,0.222318339100346,False,4,"[0.2, 0.3)"
N002544,N002792,different,0.4007220216606498,True,421,"[0.4, 0.5)"
N002931,N008664,different,0.24193548387096775,False,2,"[0.2, 0.3)"
N000990,N002132,different,0.33753148614609574,False,3,"[0.3, 0.4)"
N005946,N007449,different,0.13595166163141995,False,6,"[0.1, 0.2)"
N004307,N010960,different,0.19797525309336333,False,1,"[0.1, 0.2)"
N005835,N008645,different,0.4312306101344364,False,188,"[0.4, 0.5)"
N001422,N004687,different,0.2548476454293629,False,0,"[0.2, 0.3)"
N007233,N007728,different,0.08155767817781043,False,274,"[0.0, 0.1)"
N009592,N009782,different,0.22788461538461538,False,0,"[0.2, 0.3)"
N011533,N011534,same,0.5591748099891423,False,71,"[0.5, 0.6)"
N005300,N005301,same,0.9428223844282239,True,197,"[0.9, 1.01)"
N005855,N007938,different,0.18828828828828828,False,0,"[0.1, 0.2)"
N007921,N007922,same,0.5573770491803278,False,0,"[0.5, 0.6)"
N001521,N006976,different,0.33203125,False,157,"[0.3, 0.4)"
N000725,N008406,different,0.3575510204081633,False,7,"[0.3, 0.4)"
N004174,N006820,different,0.19601040763226366,False,3,"[0.1, 0.2)"
N000607,N004665,different,0.2,False,2,"[0.2, 0.3)"
N003228,N006079,different,0.20043336944745396,False,0,"[0.2, 0.3)"
N010506,N010507,same,0.5483490566037735,False,1,"[0.5, 0.6)"
N010699,N010700,same,0.5982532751091703,False,4,"[0.5, 0.6)"
N001185,N004181,different,0.28066914498141265,False,3,"[0.2, 0.3)"
N005027,N005028,same,0.9584055459272097,True,1,"[0.9, 1.01)"
N001758,N009092,different,0.15267175572519084,False,1,"[0.1, 0.2)"
N002928,N003582,different,0.09480337078651685,False,21,"[0.0, 0.1)"
N003050,N008741,different,0.40222428174235403,False,80,"[0.4, 0.5)"
N004158,N011487,different,0.18819599109131402,False,6,"[0.1, 0.2)"
N000139,N007621,different,0.18622174381054898,False,2,"[0.1, 0.2)"
N007036,N007038,same,0.3448275862068966,False,2,"[0.3, 0.4)"
N002201,N002648,different,0.18155339805825244,False,5,"[0.1, 0.2)"
N000003,N000843,different,0.4120734908136483,False,21,"[0.4, 0.5)"
N007190,N008966,different,0.21651785714285715,False,3,"[0.2, 0.3)"
N010033,N010034,same,0.96,True,1,"[0.9, 1.01)"
N005989,N005990,same,0.6045548654244306,True,143,"[0.6, 0.7)"
N002242,N004023,different,0.19494584837545126,False,1,"[0.1, 0.2)"
N000443,N004578,different,0.07654836464857341,False,84,"[0.0, 0.1)"
N005743,N005744,same,0.39167556029882605,False,372,"[0.3, 0.4)"
N003903,N006662,different,0.10835214446952596,False,1,"[0.1, 0.2)"
N011033,N011036,same,0.5548172757475083,False,210,"[0.5, 0.6)"
N006643,N006644,same,0.3488372093023256,False,23,"[0.3, 0.4)"
N003720,N006775,different,0.2016348773841962,False,0,"[0.2, 0.3)"
N003418,N007053,different,0.1809672386895476,False,1,"[0.1, 0.2)"
N003804,N005139,different,0.10762711864406779,False,190,"[0.1, 0.2)"
N002540,N007668,different,0.10278207109737249,False,12,"[0.1, 0.2)"
N008366,N008369,same,0.948905109489051,True,7,"[0.9, 1.01)"
N010742,N010743,same,0.5395858708891595,False,0,"[0.5, 0.6)"
N004746,N004760,different,0.22432859399684044,False,0,"[0.2, 0.3)"
N007368,N009303,different,0.33364928909952607,False,2,"[0.3, 0.4)"
N007396,N007397,same,0.9565217391304348,True,1,"[0.9, 1.01)"
N001143,N009969,different,0.3008356545961003,False,22,"[0.3, 0.4)"
N002468,N002469,same,0.9312762973352033,True,2,"[0.9, 1.01)"
N007220,N011663,different,0.1592,False,8,"[0.1, 0.2)"
N005926,N007181,different,0.1943866943866944,False,4,"[0.1, 0.2)"
N003437,N005168,different,0.07663690476190477,False,15,"[0.0, 0.1)"
N000355,N000372,different,0.13410483321987746,False,2,"[0.1, 0.2)"
N010682,N010683,same,0.9433249370277078,True,2,"[0.9, 1.01)"
N004567,N008956,different,0.22664015904572565,False,1,"[0.2, 0.3)"
N008093,N008094,same,0.4348404255319149,False,3,"[0.4, 0.5)"
N004447,N004449,same,0.3826429980276134,True,2,"[0.3, 0.4)"
N001475,N004007,different,0.13515115589804386,False,0,"[0.1, 0.2)"
N001138,N009030,different,0.11360123647604328,False,91,"[0.1, 0.2)"
N004140,N010723,different,0.3452685421994885,False,2,"[0.3, 0.4)"
N007477,N007828,different,0.37761069340016706,False,60,"[0.3, 0.4)"
N008284,N009896,different,0.1698880976602238,False,1,"[0.1, 0.2)"
N006759,N008551,different,0.14442700156985872,False,0,"[0.1, 0.2)"
N004856,N010634,different,0.35525260625501204,False,20,"[0.3, 0.4)"
N003022,N010880,different,0.11528150134048257,False,2,"[0.1, 0.2)"
N001271,N001372,different,0.18921892189218922,False,5,"[0.1, 0.2)"
N002952,N006725,different,0.21734985700667303,False,5,"[0.2, 0.3)"
N009630,N010560,different,0.3105175292153589,False,13,"[0.3, 0.4)"
N002342,N008733,different,0.1269276393831554,False,2,"[0.1, 0.2)"
N002631,N007528,different,0.14962962962962964,False,0,"[0.1, 0.2)"
N002957,N003701,different,0.1425959780621572,False,247,"[0.1, 0.2)"
N011515,N011516,same,0.4614499424626007,False,1,"[0.4, 0.5)"
N004013,N005436,different,0.10759493670886076,False,16,"[0.1, 0.2)"
N010144,N010145,same,0.9516129032258065,True,2,"[0.9, 1.01)"
N004509,N004511,same,0.7272727272727273,True,2,"[0.7, 0.8)"
N003868,N011674,different,0.22031823745410037,False,0,"[0.2, 0.3)"
N008357,N009838,different,0.1836734693877551,False,1,"[0.1, 0.2)"
N005241,N005242,same,0.9253996447602132,True,3,"[0.9, 1.01)"
N008230,N009234,different,0.08959537572254335,False,232,"[0.0, 0.1)"
N000666,N000923,different,0.08404009252120277,False,93,"[0.0, 0.1)"
N003267,N005780,different,0.20893970893970895,False,3,"[0.2, 0.3)"
N001044,N001720,different,0.12089447938504543,False,192,"[0.1, 0.2)"
N011522,N011523,same,0.6583229036295369,False,3,"[0.6, 0.7)"
N009330,N010526,different,0.21287642782969884,False,0,"[0.2, 0.3)"
N003319,N008808,different,0.3795379537953795,True,49,"[0.3, 0.4)"
N006178,N006182,same,0.4117647058823529,False,30,"[0.4, 0.5)"
N002814,N005953,different,0.18030513176144244,False,1,"[0.1, 0.2)"
N007615,N007616,same,0.7354211663066955,True,1,"[0.7, 0.8)"
N007876,N007877,same,0.4744094488188976,False,18,"[0.4, 0.5)"
N004729,N004730,same,0.5521936459909228,False,21,"[0.5, 0.6)"
N005862,N006116,different,0.4254843517138599,False,33,"[0.4, 0.5)"
N000562,N005787,different,0.09746109746109746,False,178,"[0.0, 0.1)"
N007575,N009140,different,0.08051529790660225,False,21,"[0.0, 0.1)"
N011000,N011001,same,0.3132387706855792,False,1,"[0.3, 0.4)"
N006167,N009175,different,0.2102510460251046,False,0,"[0.2, 0.3)"
N004662,N009916,different,0.12998405103668262,False,94,"[0.1, 0.2)"
N010431,N010432,same,0.9476268412438625,True,2,"[0.9, 1.01)"
N001509,N001510,same,0.6245210727969349,False,2,"[0.6, 0.7)"
N000737,N002287,different,0.17568850902184235,False,0,"[0.1, 0.2)"
N001764,N001765,same,0.59366391184573,True,2,"[0.5, 0.6)"
N004877,N006275,different,0.23365300784655624,False,3,"[0.2, 0.3)"
N002351,N006165,different,0.30455868089233756,False,5,"[0.3, 0.4)"
N009140,N009547,different,0.3684603886397608,False,21,"[0.3, 0.4)"
N007104,N007105,same,0.950920245398773,True,1,"[0.9, 1.01)"
N000463,N000465,same,0.7262443438914027,True,23,"[0.7, 0.8)"
N001124,N011201,different,0.19257773319959878,False,2,"[0.1, 0.2)"
N004151,N010614,different,0.439453125,False,166,"[0.4, 0.5)"
N003957,N007645,different,0.18926553672316385,False,1,"[0.1, 0.2)"
N003941,N009735,different,0.12159329140461216,False,26,"[0.1, 0.2)"
N000647,N008088,different,0.08688656476267095,False,2,"[0.0, 0.1)"
N002017,N005475,different,0.35968992248062015,False,35,"[0.3, 0.4)"
N000323,N006510,different,0.22588235294117648,False,5,"[0.2, 0.3)"
N008539,N008542,same,0.38309549945115257,False,320,"[0.3, 0.4)"
N002578,N006004,different,0.42630597014925375,False,13,"[0.4, 0.5)"
N001918,N002086,different,0.14129810453762207,False,159,"[0.1, 0.2)"
N002507,N002508,same,0.930939226519337,True,1,"[0.9, 1.01)"
N001934,N011090,different,0.301464254952627,False,11,"[0.3, 0.4)"
N004269,N011588,different,0.21052631578947367,False,0,"[0.2, 0.3)"
N005629,N006728,different,0.13030116779348494,False,7,"[0.1, 0.2)"
N008009,N008010,same,0.3681434599156118,False,4,"[0.3, 0.4)"
N009840,N009841,same,0.39457831325301207,False,0,"[0.3, 0.4)"
